Category,Metric,Team_Value,League_Avg,Gap,Verdict,Severity_Score
Fielding,fielding_Rtot,-30.0,0.0,-30.0,WEAKNESS,6.0
Bullpen,bullpen_WHIP,1.379,1.28,0.099,WEAKNESS,1.65
Batting,BA,0.232,0.245,-0.013,WEAKNESS,1.62
Bullpen,bullpen_ERA,4.425,4.0,0.425,WEAKNESS,1.42
Batting,SLG,0.379,0.4,-0.021,WEAKNESS,1.4
Batting,OPS,0.692,0.715,-0.023,WEAKNESS,1.15
Batting,ISO,0.147,0.155,-0.008,AVERAGE,0.8
Bullpen,bullpen_BB9,3.516,3.3,0.216,AVERAGE,0.72
Rotation,rotation_HR9,1.266,1.2,0.066,AVERAGE,0.44
Bullpen,bullpen_HR9,1.154,1.1,0.054,AVERAGE,0.36
Bullpen,bullpen_K9,9.034,9.2,-0.166,AVERAGE,0.33
Batting,K_pct,22.992,22.5,0.492,AVERAGE,0.33
Batting,OBP,0.313,0.315,-0.002,AVERAGE,0.25
Rotation,rotation_K9,8.679,8.7,-0.021,AVERAGE,0.04
Rotation,rotation_ERA,4.073,4.2,-0.127,AVERAGE,-0.51
Batting,BB_pct,9.148,8.5,0.648,AVERAGE,-0.65
Rotation,rotation_WHIP,1.205,1.25,-0.045,AVERAGE,-0.9
Rotation,rotation_BB9,2.396,2.9,-0.504,STRENGTH,-1.68
