"last_name, first_name","player_id","year","pa","k_percent","bb_percent","woba","xwoba","sweet_spot_percent","barrel_batted_rate","hard_hit_percent","avg_best_speed","avg_hyper_speed","whiff_percent","swing_percent"
"Burleson, Alec",676475,2026,256,16,8.6,".349",".373",33.5,9.5,47.1,"101.437470947","95.220774656",21.5,49.9
"Gray, Tristan",656484,2026,115,29.6,6.1,".305",".307",43.8,8.3,43.8,"101.12598","94.938452958",35.3,56
"De La Cruz, Elly",682829,2026,257,29.6,8.6,".372",".362",36.9,15,52.9,"105.202274474","97.581350526",29.1,41.1
"Schuemann, Max",680474,2026,27,22.2,25.9,".390",".323",35.7,0,50,"99.914238571","94.272605",31.5,41.2
"Meidroth, Chase",805367,2026,256,22.7,10.2,".332",".297",33.3,5.9,37.4,"97.59395506","93.051588667",19,40.4
"McGonigle, Kevin",805808,2026,264,13.3,13.6,".362",".367",39.3,8.9,37.2,"98.540173542","93.484406073",13.9,41.7
"Marte, Ketel",606466,2026,256,15.2,7.8,".338",".380",34,11.2,44.7,"102.983368878","95.735549744",21.3,48.9
"Acuña Jr., Ronald",660670,2026,220,21.8,15.5,".357",".385",31.9,14.1,44.4,"101.893164265","95.269621407",29.2,45.3
"Torres, Gleyber",650402,2026,154,14.9,16.9,".349",".353",37.5,6.7,28.8,"95.890048846","91.945702596",19.8,38.8
"Susac, Daniel",691740,2026,74,23,6.8,".359",".328",41.2,5.9,33.3,"97.966564","93.0333686",25.5,54.4
"Pérez, Wenceel",672761,2026,158,15.8,7,".245",".269",22.1,7.4,34.4,"98.037331148","93.094539344",18.6,48.2
"Carter, Evan",694497,2026,209,23.4,12.9,".286",".296",30.8,7.7,39.2,"99.345306984","93.79104768",26.2,40.4
"Abrams, CJ",682928,2026,265,20,10.2,".391",".366",34.1,10.9,41.5,"100.38953875","94.501719257",28.4,50
"Myers, Dane",667472,2026,100,26,12,".338",".378",45,10.7,33.3,"99.257958519","93.888817407",16.3,37
"Seager, Corey",608369,2026,182,27.5,12.1,".284",".330",34.3,15.7,45.4,"102.044463148","95.473544815",35.2,50.5
"Jones, Greg",675659,2026,22,40.9,0,".085",".175",23.1,0,30.8,"98.318065","93.628035455",40,54.1
"Bleday, JJ",668709,2026,141,19.9,13.5,".425",".399",44.7,14,50,"102.02647383","95.541833656",27.6,46.4
"Kemp, Otto",805249,2026,27,37,3.7,".120",".206",33.3,0,13.3,"89.912855","89.894159333",37.9,48.3
"Slater, Austin",596103,2026,49,30.6,10.2,".244",".233",34.5,3.4,13.8,"93.282175333","90.74864069",30.1,41.9
"Baldwin, Drake",686948,2026,216,20.4,11.1,".405",".418",42.1,18.6,53.8,"103.678356164","96.840637655",23.1,50.4
"Stubbs, Garrett",596117,2026,24,16.7,4.2,".240",".269",29.4,0,41.2,"98.0574225","93.555163333",20.5,53
"Diaz, Yainer",673237,2026,106,15.1,2.8,".263",".257",23,3.4,28.7,"98.070181818","93.218702874",23.4,58.1
"Wynns, Austin",642851,2026,43,23.3,7,".114",".285",30,6.7,26.7,"97.060306","92.740786552",26.7,55.8
"Realmuto, J.T.",592663,2026,149,18.1,6,".275",".316",31.5,4.6,40.7,"98.687616481","93.699276852",22.9,47.7
"Grissom, Vaughn",687093,2026,155,11,9,".325",".350",32.5,7.5,46.7,"100.645514167","94.91737479",19.6,45.5
"Garcia, Aramis",605244,2026,13,30.8,0,".138",".190",33.3,0,22.2,"92.553646","90.985013333",34.8,52.3
"Correa, Carlos",621043,2026,141,18.4,12.8,".350",".364",36.1,10.3,41.2,"101.668709184","94.924922887",22.9,45
"Arenado, Nolan",571448,2026,216,19.4,8.8,".349",".328",38.7,7.3,31.3,"97.086533333","92.545334867",23.5,44.9
"Carpenter, Kerry",681481,2026,129,33.3,8.5,".343",".303",38.4,11.1,47.9,"100.029194722","94.547128333",34.7,47
"Gasper, Mickey",681508,2026,65,23.1,6.2,".350",".304",35.6,6.7,46.7,"99.768486364","94.552541818",20.9,44.4
"Jung, Josh",673962,2026,240,15.8,7.1,".369",".358",39,5.5,44,"99.89851011","94.213791538",17.6,47.9
"Beavers, Dylan",687637,2026,119,23.5,11.8,".316",".308",33.8,5.2,39,"99.306662105","93.790126053",23.4,44.5
"Kurtz, Nick",701762,2026,277,29.2,20.6,".410",".396",38.7,18.2,57.7,"106.190800588","98.348822206",35.3,40.4
"Marchán, Rafael",665561,2026,67,19.4,1.5,".130",".191",27.5,2,21.6,"94.185280769","91.158354902",17.5,49.6
"Manzardo, Kyle",700932,2026,190,33.7,9.5,".326",".325",35.2,13.3,42.9,"99.390896731","94.084214757",31.1,45.8
"Ohtani, Shohei",660271,2026,270,22.2,15.6,".404",".412",42,15.5,52.5,"102.830860123","96.400780745",27.9,44.1
"Hoerner, Nico",663538,2026,285,7,10.2,".315",".337",38.8,1.3,28,"95.987781652","92.011594541",10.6,42.5
"Chapman, Matt",656305,2026,261,21.8,9.6,".295",".270",22.6,5.1,33.9,"99.43565977","93.752860115",22.7,44.3
"Salazar, César",663967,2026,22,13.6,13.6,".170",".329",20,0,33.3,"96.63377","92.976092857",14.3,44.2
"Bichette, Bo",666182,2026,271,16.2,7,".267",".334",32.9,7.2,45.4,"101.490088365","95.246875362",16.4,52.8
"Ortiz, Joey",687401,2026,143,17.5,12.6,".254",".292",20,3,33,"97.925484167","93.110087895",18,42.1
"Ruiz, Keibert",660688,2026,127,15,2.4,".338",".264",33.7,6.7,42.3,"98.988872885","93.769459612",13.7,49.2
"Pauley, Graham",688363,2026,91,24.2,5.5,".217",".190",29.7,3.1,18.8,"94.104975","91.218145873",23,43.8
"Pagés, Pedro",686780,2026,128,23.4,3.9,".271",".279",30.8,6.7,37.4,"99.164543488","93.586764302",27.3,50.1
"Mateo, Jorge",622761,2026,88,29.5,5.7,".365",".357",47.4,12.3,47.4,"102.838249643","95.55842375",30.6,53.8
"Caminero, Junior",691406,2026,260,15,13.8,".384",".375",23.8,12,48.9,"105.249835326","97.057370543",20.6,41
"Smith, Pavin",656976,2026,16,31.3,18.8,".188",".217",0,0,37.5,"96.6451","92.32255",14.7,39.1
"Grichuk, Randal",545341,2026,81,23.5,2.5,".323",".378",47.5,13.6,44.1,"101.289568","95.18642339",24.1,49
"Sheets, Gavin",657757,2026,197,22.8,11.7,".355",".339",37,9.4,45.7,"100.4079525","94.597038268",21.9,43
"Benintendi, Andrew",643217,2026,199,28.1,8,".312",".326",40.2,11.1,48,"99.329541613","94.140963145",29.7,52.1
"Bailey, Patrick",672275,2026,127,26,7.1,".200",".283",30.6,7.1,38.8,"98.690460238","93.681650602",27.7,48.6
"Wong, Connor",657136,2026,79,21.5,7.6,".323",".285",27.8,3.7,37,"99.433859615","93.854632157",24.8,49.1
"Conine, Griffin",665052,2026,25,24,8,".410",".512",56.3,25,62.5,"106.653525","98.354698125",40.9,48.9
"Crow-Armstrong, Pete",691718,2026,264,25.8,8.3,".331",".351",31.9,11.4,50.6,"102.738626125","96.231043438",27.9,52.5
"Cortes, Carlos",666126,2026,165,9.7,11.5,".400",".384",36.7,9.5,41.4,"100.470743651","94.434528254",19.3,43.4
"Bart, Joey",663698,2026,62,33.9,3.2,".296",".256",39.5,7.9,36.8,"99.359237895","93.712531579",27.4,46.3
"Tromp, Chadwick",644433,2026,27,25.9,0,".187",".178",35,0,30,"97.471054444","92.980487222",25.9,56.9
"Cowser, Colton",681297,2026,135,30.4,11.9,".301",".299",28.2,10.3,29.5,"98.509642368","93.280431053",33.5,44.9
"Arraez, Luis",650333,2026,262,4.2,5.7,".347",".310",41.6,0,21,"94.165760789","91.166100526",8.5,51.4
"Marte, Starling",516782,2026,68,27.9,5.9,".291",".303",32.6,11.6,37.2,"101.671111905","95.431683902",27.6,49.2
"Wallner, Matt",670242,2026,135,39.3,7.4,".255",".282",26.9,10.4,40.3,"101.422806765","95.021781343",44,52.1
"Kelly, Carson",608348,2026,163,17.2,9.2,".332",".317",30.8,6.8,40.2,"99.372343729","93.97565094",21.4,47.5
"Jones, Spencer",682987,2026,27,44.4,11.1,".211",".259",33.3,0,75,"105.732036667","99.1736475",36.6,55.9
"Nuñez, Nasim",683083,2026,202,21.3,10.9,".240",".270",30.9,0,19.9,"94.433428065","91.285968537",22.8,47.4
"Vaughn, Andrew",683734,2026,80,11.3,7.5,".377",".337",36.5,3.2,39.7,"98.506799688","93.677040952",18.4,43.6
"DeLuca, Jonny",676356,2026,125,20.8,4,".312",".277",29.8,3.2,29.8,"97.701753696","92.958317473",26.3,52.3
"Laureano, Ramón",657656,2026,206,31.6,9.7,".294",".312",37,14.3,41.2,"99.9726525","94.305977731",31.1,50.5
"Madrigal, Nick",663611,2026,16,6.3,0,".382",".364",42.9,0,28.6,"97.40455","92.953173571",3.6,51.9
"Candelario, Jeimer",600869,2026,20,40,5,".199",".218",30,0,40,"98.451112","93.916024",50,55.4
"Fry, David",681807,2026,98,31.6,14.3,".336",".272",32.1,5.7,34,"97.280682963","92.765077547",32.2,41.9
"Schmitt, Casey",669477,2026,231,19.9,3,".363",".349",35.8,14,43.9,"100.661889302","94.649522035",23.3,52.2
"Mesa Jr., Victor",683748,2026,29,27.6,10.3,".245",".338",38.9,11.1,44.4,"101.00305","94.883967647",27.1,55.7
"Farmer, Kyle",571657,2026,15,26.7,0,".264",".247",36.4,0,27.3,"93.193218333","91.026340909",31,58
"Higgins, P.J.",664731,2026,26,30.8,7.7,".298",".293",56.3,0,12.5,"91.67865","90.015332143",31,40
"Hayes, Ke'Bryan",663647,2026,128,15.6,6.3,".193",".312",39,9.4,39,"99.572857083","94.035857789",19.2,43.3
"Williamson, Ben",810938,2026,143,20.3,9.8,".310",".303",32.3,1,40.4,"99.40984449","93.919879588",18,40.7
"Domínguez, Jasson",691176,2026,32,12.5,3.1,".273",".335",26.9,0,42.3,"101.356973846","95.408727692",25.8,55.9
"Escarra, J.C.",641555,2026,68,22.1,7.4,".224",".276",33.3,4.2,31.3,"98.8206025","93.566165957",29.5,45.5
"Gurriel Jr., Lourdes",666971,2026,102,18.6,7.8,".266",".290",32,6.7,36,"97.856393684","93.083736667",27.5,52.6
"Song, Sung-Mun",823550,2026,31,22.6,16.1,".241",".301",31.6,10.5,26.3,"95.648185","92.025360526",26.2,45.1
"Wilson, Jacob",805779,2026,168,11.9,3,".313",".275",32.2,2.1,30.1,"96.230541857","92.122782714",15.6,57.5
"d'Arnaud, Travis",518595,2026,40,17.5,7.5,".285",".337",39.3,14.3,32.1,"97.599345714","92.812057143",27.5,48.9
"Yoshida, Masataka",807799,2026,138,10.9,10.9,".317",".313",27.6,1.9,41.9,"99.595180755","94.055220667",13.6,39.7
"Jansen, Danny",643376,2026,142,28.2,9.2,".271",".254",21.4,6,33.3,"97.328380476","92.77681253",25.5,44.7
"Tena, José",677588,2026,125,32,6.4,".285",".293",35.5,9.2,52.6,"104.021246842","96.748706974",37.4,49.8
"Raley, Luke",670042,2026,177,32.8,5.1,".375",".377",40.4,19.2,47.1,"102.550571765","95.574564653",42.2,54.2
"Chisholm Jr., Jazz",665862,2026,240,28.3,9.6,".314",".288",29.1,6.8,37.8,"99.417811389","93.943625245",31.2,43.9
"Lee, Jung Hoo",808982,2026,222,10.4,4.5,".353",".330",38.5,2.7,29.9,"96.665058172","92.443056432",13.9,46.9
"Bohm, Alec",664761,2026,233,13.7,6.9,".269",".289",33.3,3.3,42.6,"99.939888352","94.327417692",17,43.6
"Shewmake, Braden",669699,2026,79,16.5,2.5,".289",".282",25,6.3,35.9,"97.85631129","93.166081148",22.4,62.4
"Lowe, Josh",666139,2026,134,29.1,4.5,".242",".263",29.5,8,34.1,"98.311858605","93.295981294",28.6,55.3
"Jackson, Jeremiah",669236,2026,174,20.1,2.3,".288",".295",30.6,8.2,40.3,"100.884278358","94.73326218",26.4,59.1
"Reyes, Felix",694025,2026,38,23.7,0,".183",".233",37.9,6.9,27.6,"98.874941333","93.637018966",27.5,58.5
"Torkelson, Spencer",679529,2026,240,31.7,11.7,".320",".323",47,13.7,44.7,"100.504318636","94.796261832",29,41.9
"Clarke, Denzel",672016,2026,60,40,6.7,".197",".193",15.6,3.2,46.9,"103.213863571","96.632126429",35.8,45
"Rivas, Leo",660844,2026,120,30,12.5,".219",".239",30.3,1.5,13.6,"93.3990375","90.711912031",24.1,36.5
"O'Neill, Tyler",641933,2026,115,24.3,11.3,".241",".273",30.6,4.2,36.1,"98.393448333","93.253081944",31.3,47
"McKinstry, Zach",656716,2026,132,17.4,10.6,".214",".257",29.5,2.1,21.1,"94.558222609","91.329391957",15.2,49.9
"León, Sandy",506702,2026,30,36.7,0,".060",".120",21.1,0,15.8,"93.071766","90.916842105",28.4,57.3
"Hill, Derek",656537,2026,78,29.5,9,".303",".301",31.9,8.7,31.9,"98.1183795","93.253523077",32.5,51.5
"Busch, Michael",683737,2026,273,22.3,15,".346",".347",31.9,11.4,42.2,"99.363880602","94.023897212",25.8,41.9
"Sullivan, Brett",664954,2026,89,21.3,4.5,".242",".241",24.6,1.5,26.2,"95.635989063","91.878597619",21.6,52.5
"Clement, Ernie",676391,2026,249,8.4,3.2,".342",".284",31.8,2.7,25.5,"95.32281367","91.679056498",14.3,57.3
"Lewis, Royce",668904,2026,119,31.1,10.1,".250",".283",33.8,11.8,41.2,"100.319678529","94.301476176",37.6,49
"Quero, Edgar",700337,2026,141,24.1,8.5,".245",".262",25,2.2,32.6,"98.049454318","93.435415227",26,48.7
"Judge, Aaron",592450,2026,261,27.6,16.1,".389",".415",33.6,21.7,57.3,"105.303098194","97.814683287",32.2,42.9
"Brennan, Will",686823,2026,23,13,0,".078",".178",20,0,25,"94.760291","91.850796842",8,64.9
"Lee, Hao-Yu ",701678,2026,87,27.6,4.6,".256",".281",39,11.9,32.2,"98.536139667","93.516432542",30.7,48.1
"Benson, Will",666181,2026,107,30.8,15,".304",".316",32.1,13.2,39.3,"100.486067308","94.404193654",35.8,42.6
"Bogaerts, Xander",593428,2026,237,18.1,9.3,".298",".320",29.2,6.5,35.7,"99.038582941","93.638171765",22.7,44.1
"Palacios, Richie",680700,2026,140,20.7,13.6,".321",".301",32.6,3.4,25.8,"96.180783488","92.143158721",22.6,43.2
"Heineman, Tyler",623168,2026,85,22.4,2.4,".197",".227",23,1.7,14.8,"92.582454286","90.461793929",20.1,56.5
"Hedges, Austin",595978,2026,93,18.3,10.8,".294",".276",25.8,0,33.3,"97.862913125","92.943565313",25,44.6
"Taveras, Leody",665750,2026,182,22,11.5,".341",".313",33.3,4.2,28.3,"98.156179636","93.078089818",25,46.9
"Chourio, Jackson",694192,2026,118,26.3,9.3,".385",".349",34.2,18.4,48.7,"103.454327895","96.405539079",25.4,45.6
"Henderson, Gunnar",683002,2026,285,25.6,6.3,".305",".302",30.4,9.4,43.5,"100.17343625","94.402912932",24.8,49.4
"Moniak, Mickey",666160,2026,164,24.4,6.1,".402",".324",32.4,13.5,41.4,"100.154232143","94.372578378",27.8,58
"Rocchio, Brayan",677587,2026,227,12.3,8.8,".344",".313",31.8,2.9,32.7,"97.531577952","92.79616006",23.7,48.1
"Langeliers, Shea",669127,2026,254,18.5,8.3,".395",".389",37.4,15.4,46.2,"103.165209341","95.945774121",25.4,51.5
"Dezenzo, Zach",701305,2026,51,37.3,7.8,".266",".252",42.9,14.3,28.6,"96.190862143","92.30125",35.2,42.5
"Eldridge, Bryce",805811,2026,81,23.5,12.3,".366",".405",38.5,11.5,55.8,"103.677054615","97.066058077",22.2,46.6
"Herrera, Iván",671056,2026,272,16.9,12.5,".356",".364",31.1,7.3,42.8,"101.108978202","94.851502994",20.3,43.7
"Davis, Henry",680779,2026,135,20.7,8.9,".246",".293",25,10.9,37,"101.015928889","94.757121573",24,52.3
"Durán, Rodolfo",660710,2026,30,30,16.7,".241",".364",40,20,40,"101.94625","95.085448571",29.8,41.2
"Giménez, Andrés",665926,2026,215,18.1,3.7,".268",".254",25.8,3.7,23.3,"95.08105375","91.581134654",24.2,56.5
"Walker, Jordan",691023,2026,251,25.9,8.4,".387",".370",33.7,14.1,51.5,"105.267433537","97.248780061",31.9,52.3
"Hinds, Rece",677956,2026,36,50,2.8,".171",".161",25,0,25,"98.326555714","93.163277857",43.9,55.4
"Langford, Wyatt",694671,2026,84,22.6,4.8,".281",".282",26.2,4.9,37.7,"99.820527742","94.388533115",25,47.1
"Pasquantino, Vinnie",686469,2026,259,18.1,11.6,".287",".314",35.9,7.8,35.4,"98.677226444","93.563505698",16.7,45.7
"Joe, Connor",656582,2026,39,28.2,15.4,".296",".369",40.9,9.1,45.5,"100.621557273","95.001525",23,40.9
"Ramírez, José",608070,2026,280,12.9,13.9,".341",".370",36.8,6.9,45.3,"100.740516569","94.781686158",16.2,46.6
"Vargas, Ildemaro",545121,2026,224,9.4,3.6,".328",".315",31.1,4.1,32.1,"97.621725579","92.815064789",14.8,51
"Jiménez, Eloy",650391,2026,35,20,8.6,".291",".256",32,4,44,"98.972092308","93.9795348",29.9,51.5
"Ibáñez, Andy",628451,2026,26,11.5,3.8,".096",".164",22.7,0,18.2,"94.855231818","91.427615909",19.2,65.8
"Tatis Jr., Fernando",665487,2026,257,21.4,9.3,".301",".344",32.4,9.7,51.7,"103.86589125","96.3842104",29.1,48.4
"Albies, Ozzie",645277,2026,271,11.4,7,".341",".306",33.5,4.2,27.5,"96.912373645","92.488913178",20.8,55.1
"Mead, Curtis",678554,2026,168,17.9,13.1,".364",".364",35.1,10.5,44.7,"100.61066614","94.529892719",16.6,41.7
"Marte, Noelvi",682622,2026,32,31.3,9.4,".178",".177",5.3,0,31.6,"97.428798","92.962525263",31.9,53.5
"Contreras, William",661388,2026,248,13.3,8.9,".324",".330",29.2,6.8,42.7,"100.795112292","94.695585156",19.8,47.4
"Ramírez, Pedro",699393,2026,15,0,6.7,".192",".268",21.4,0,42.9,"100.044651429","94.647027143",5.3,42.2
"Jackson, Alex",656577,2026,17,52.9,0,".286",".185",37.5,0,37.5,"101.198545","95.542025714",44.4,54.5
"Vilade, Ryan",668723,2026,96,18.8,10.4,".352",".311",33.8,4.4,35.3,"98.988000303","93.548690606",19.3,48.8
"Osuna, Alejandro",696030,2026,110,13.6,10.9,".314",".328",29.9,0,33.8,"98.412355946","93.356068649",16,47.5
"Rice, Ben",700250,2026,242,23.6,12.8,".436",".402",42.8,17.1,50.7,"102.597479868","95.83170875",25.2,41.6
"Bader, Harrison",664056,2026,111,30.6,3.6,".241",".272",32.9,8.2,41.1,"99.221853514","93.717596301",32,53.4
"India, Jonathan",663697,2026,58,22.4,13.8,".293",".285",28.6,5.7,31.4,"96.473557778","92.357829714",22.6,39.2
"Fernandez, Jose",699912,2026,177,22.6,4,".286",".276",27.1,3.9,38.8,"100.319566885","94.276578115",24.6,47.2
"Rafaela, Ceddanne",678882,2026,225,20.9,5.8,".348",".297",35.8,7.1,37.1,"97.883896282","92.998052436",24.5,51.2
"Kiner-Falefa, Isiah",643396,2026,94,14.9,8.5,".317",".312",40.3,4.2,27.8,"95.538222059","91.874896618",18.2,51.5
"Sosa, Edmundo",624641,2026,97,22.7,3.1,".263",".348",33.3,8.7,40.6,"100.134070857","94.306381304",25.2,60.7
"Kim, Ha-Seong",673490,2026,54,25.9,9.3,".148",".229",20,3,25.7,"95.593625","91.832363125",20,44.8
"Whitcomb, Shay",694376,2026,18,50,5.6,".204",".211",37.5,12.5,25,"96.9260575","92.46302875",45.7,55.6
"Olson, Matt",621566,2026,277,22.4,10.1,".383",".376",32.8,14.6,53.2,"104.696303763","97.213190432",24.6,45.6
"Smith, Cam",701358,2026,239,25.9,10,".298",".341",31.8,12.9,43.2,"101.868267297","95.189495306",30.8,45.6
"Bauers, Jake",641343,2026,211,22.7,10.9,".365",".356",29,12.4,53.6,"103.34182058","96.791892263",24.5,42.2
"Caballero, José",676609,2026,184,18.5,5.4,".317",".285",31.6,2.9,27.2,"96.260050938","92.146585625",25.9,49.3
"Morabito, Nick",703492,2026,12,75,0,".061",".173",100,0,50,"96.50157","92.250785",63.6,41.5
"Stowers, Kyle",669065,2026,167,29.3,9,".304",".313",32.7,7.9,50.5,"102.0116196","95.6058433",35.2,53.9
"Foscue, Justin",679822,2026,62,25.8,4.8,".325",".359",42.9,9.5,47.6,"99.844633333","94.265848095",23,44.1
"Encarnacion, Jerar",666464,2026,35,22.9,2.9,".185",".210",38.5,7.7,34.6,"99.26983","93.634915",19.3,52.2
"Baty, Brett",683146,2026,207,29,8.7,".283",".297",34.6,7.9,37,"100.118284921","94.233230397",28.8,45.7
"Haggerty, Sam",664059,2026,47,34,4.3,".187",".182",25,0,7.1,"93.570359231","90.785179615",31.8,52.7
"Volpe, Anthony",683011,2026,59,22,15.3,".313",".286",24.3,2.8,29.7,"96.422896667","92.323374167",26.3,44.5
"Johnson, Daniel",669288,2026,17,17.6,11.8,".231",".342",18.2,0,45.5,"100.655092","95.154549",21.7,43.4
"Horwitz, Spencer",687462,2026,223,12.1,13.9,".371",".337",29.4,7.4,33.7,"97.499292195","92.848088037",13.8,40.4
"Tawa, Tim",694374,2026,70,22.9,11.4,".243",".259",23.9,2.3,32.6,"97.105611364","92.783114186",25.3,49
"Cruz, Oneil",665833,2026,275,34.2,9.8,".363",".361",35.1,16.8,59.6,"107.079730933","99.002442953",37.4,44.2
"Canzone, Dominic",686527,2026,148,21.6,8.8,".365",".365",36.6,15.8,49.5,"103.862953922","96.90006099",30.7,45.9
"Vargas, Miguel",678246,2026,267,16.9,15,".380",".397",39.8,14.8,46.6,"101.108005682","94.994265398",20.3,44.1
"Dubón, Mauricio",643289,2026,234,15.4,6.8,".316",".310",38.9,5.6,28.9,"96.726626667","92.389948547",17.9,51
"Carroll, Corbin",682998,2026,253,21.3,11.9,".402",".362",30.5,12.6,50.9,"101.972102619","95.499438024",27.9,45
"Barger, Addison",680718,2026,28,25,17.9,".171",".256",25,0,50,"101.06417375","94.880101875",23.1,43.7
"Matos, Luis",682641,2026,21,33.3,4.8,".204",".130",7.7,0,23.1,"94.59495","92.061707692",31.8,61.1
"Stanton, Giancarlo",519317,2026,96,30.2,6.3,".319",".326",37.7,18,44.3,"104.792676774","97.001259672",38.7,45.1
"Siri, Jose",642350,2026,28,32.1,3.6,".406",".313",50,22.2,44.4,"100.375123333","94.187561667",40,58.8
"Keith, Colt",690993,2026,180,20,5.6,".288",".306",35.3,4.5,40.6,"99.726908333","94.068841667",22.3,42.4
"Anthony, Roman",701350,2026,130,25.4,15.4,".312",".353",40.8,9.3,47.4,"102.118792368","95.842276267",28.1,37.2
"Muncy, Max",691777,2026,104,35.6,5.8,".313",".303",35.1,12.3,56.1,"103.570102069","96.772631228",35.4,51
"Marsh, Brandon",669016,2026,215,22.8,4.7,".366",".337",45.8,6.5,45.8,"100.267555455","94.505516405",22.4,53
"Emerson, Colt",806068,2026,57,28.1,8.8,".380",".262",40,5.7,37.1,"98.536972941","93.280861765",28.6,48.8
"Williams, Alika",675961,2026,18,44.4,5.6,".139",".149",22.2,0,33.3,"95.057146","91.920636667",43.8,45.1
"Aranda, Jonathan",666018,2026,257,24.1,14.4,".372",".384",39.4,12.9,47.7,"101.346612308","95.143129355",21.8,43.4
"Rengifo, Luis",650859,2026,187,10.7,8.6,".243",".295",28,4.7,34,"97.66864274","92.905767877",19.4,50
"Kelenic, Jarred",672284,2026,59,33.9,10.2,".287",".368",42.4,24.2,54.5,"103.545044706","97.090709394",37.1,46.5
"Paredes, Isaac",670623,2026,239,16.3,9.2,".329",".317",36.3,6.4,29.8,"96.99481407","92.630532865",16.5,44.2
"Higashioka, Kyle",543309,2026,107,27.1,9.3,".309",".305",38.8,10.4,40.3,"99.068008788","93.995539091",30.3,42.8
"Meckler, Wade",685133,2026,38,13.2,5.3,".459",".378",41.9,12.9,35.5,"97.530336875","93.233715484",18.3,51.3
"McLain, Matt",680574,2026,231,23.8,11.3,".284",".305",34.5,6.8,36.5,"98.251420139","93.286237902",25.1,42.7
"Greene, Riley",682985,2026,263,28.1,12.5,".386",".362",39.6,11.7,50.6,"102.673007662","95.877240519",30,45.1
"Williams, Carson",700246,2026,33,33.3,6.1,".140",".198",25,0,25,"96.449464","92.624617895",28.1,54.2
"Trammell, Taylor",666211,2026,66,34.8,6.1,".337",".264",28.9,5.3,31.6,"99.783486111","93.891743056",37.9,46.4
"Gelof, Zack",680869,2026,161,24.2,6.2,".330",".300",27.9,8.1,41.4,"99.395053889","93.828107407",27.7,46.5
"Smith, Josh",669701,2026,108,18.5,13,".267",".300",35.6,5.5,35.6,"98.589625833","93.612446901",22.5,47.8
"Gonzales, Nick",693304,2026,230,17,6.5,".339",".345",32.9,3.5,40.5,"98.838679651","93.543530349",23.4,53.9
"Piñango, Yohendrick",682818,2026,101,23.8,5,".333",".321",38.9,6.9,43.1,"101.983532778","95.228012361",26.9,51.1
"Jones, Jahmai",663330,2026,84,31,9.5,".221",".321",34,10,48,"102.3014244","95.598907",29.5,49
"Tucker, Kyle",663656,2026,257,18.7,12.5,".329",".333",36.9,5.7,39.8,"98.732547727","93.753790568",23.3,49.5
"García Jr., Luis",671277,2026,197,15.2,4.1,".312",".324",31.4,7.1,47.2,"102.310950128","95.690957372",18.6,55.8
"Crews, Dylan",686611,2026,51,19.6,2,".249",".283",23.7,5.3,44.7,"101.267525263","94.946693158",23.7,54.1
"Stevens, Chad",677060,2026,25,32,16,".148",".232",53.8,7.7,30.8,"95.09661","91.847905385",21.8,49.1
"Hays, Austin",669720,2026,44,29.5,2.3,".245",".283",30,3.3,50,"100.090157333","94.630878",37.1,53.6
"Pereda, Jhonny",640902,2026,45,15.6,8.9,".350",".390",48.5,6.1,48.5,"100.635807059","95.039013636",17.6,47.2
"Mauricio, Ronny",677595,2026,32,37.5,0,".233",".224",30,10,35,"101.202671","94.6595735",29.5,63.9
"McGuire, Reese",624512,2026,34,26.5,5.9,".223",".243",33.3,0,9.5,"87.906893","89.0789435",21.8,50
"Stewart, Sal",701398,2026,265,20.4,12.5,".356",".364",36.2,15.3,39.5,"100.738215294","94.687399294",27,48.8
"Tovar, Ezequiel",678662,2026,226,27,5.8,".261",".296",38,8,36.7,"99.25813973","93.707597432",30.4,61.4
"Butler, Lawrence",671732,2026,170,26.5,11.2,".230",".297",30.2,5.8,45.3,"102.533859038","95.583711262",29.4,46.1
"Lawlar, Jordan",691783,2026,20,30,5,".419",".360",33.3,8.3,41.7,"101.669213333","95.877385833",30.8,42.9
"Bolte, Henry",703607,2026,69,26.1,8.7,".333",".263",20.9,0,53.5,"103.621789524","96.649257381",32.5,51.5
"Jensen, Carter",695600,2026,212,30.7,9.9,".295",".264",27.2,8.1,40,"101.033359677","94.844031935",33,44
"Young, Jacob",696285,2026,211,17.5,5.2,".303",".314",36.5,6.3,35.8,"98.818253846","93.561868968",20.6,43.4
"Pham, Tommy",502054,2026,14,50,7.1,".050",".137",16.7,0,33.3,"100.563033333","94.281516667",37,45
"Bruján, Vidal",660644,2026,10,0,10,".178",".218",11.1,0,11.1,"93.6284325","91.216247143",20,53.6
"Freeman, Tyler",671289,2026,157,11.5,4.5,".333",".331",34.1,1.6,33.3,"97.918680345","93.027407652",10.9,47.7
"Simpson, Chandler",802415,2026,247,10.9,4.9,".288",".255",26.4,0,15.5,"93.102074141","90.585763283",11,46.7
"Rodriguez, Jesus",683679,2026,43,11.6,7,".309",".321",38.2,2.9,29.4,"96.141274706","92.19399",19.2,50.7
"Kirk, Alejandro",672386,2026,22,9.1,9.1,".257",".298",33.3,5.6,44.4,"100.058673333","94.029336667",15,54.1
"Harris, Dustin",687957,2026,52,13.5,11.5,".294",".334",44.7,0,15.8,"93.693081111","90.948051389",13.8,42.3
"Thomas, Colby",687515,2026,50,24,6,".326",".340",31.4,11.4,40,"101.442800588","95.000764706",30.5,58
"Pederson, Joc",592626,2026,188,20.7,14.4,".363",".352",35.3,9.2,47.1,"101.605349661","95.188821949",30.6,44.3
"White, Eli",642201,2026,76,18.4,5.3,".274",".288",33.3,7,31.6,"97.823125714","93.009548545",28.5,49.8
"Massey, Michael",686681,2026,137,19.7,3.6,".327",".285",30.5,9.5,42.9,"99.363293333","94.158659118",22.7,51.7
"Lile, Daylen",695734,2026,273,17.9,7.3,".310",".319",34,7.4,36.1,"98.26290604","93.16864104",23.8,55.1
"Nimmo, Brandon",607043,2026,263,21.3,8.4,".326",".380",34.6,12.3,50.8,"101.761281556","95.800249441",23.1,48.4
"Rogers, Jake",668670,2026,63,31.7,7.9,".241",".258",32.4,10.8,35.1,"97.721196111","92.915993889",29.7,43.9
"Hernández, Heriberto",681715,2026,120,22.5,10,".303",".362",31.3,10,45,"101.39167925","94.9997995",29.9,45
"Workman, Gage",669398,2026,38,42.1,0,".234",".311",50,22.7,45.5,"102.354927273","96.168068636",33.3,59.2
"McCarthy, Jake",664983,2026,173,19.1,6.4,".344",".319",37.5,6.3,25,"96.0701315","92.10261605",22.7,53.7
"Chaparro, Andrés",665953,2026,27,18.5,22.2,".317",".396",37.5,6.3,37.5,"99.93450125","93.967250625",27.1,42.5
"Narváez, Carlos",665966,2026,125,30.4,8,".276",".284",38.7,6.7,37.3,"99.399918108","94.106603151",28.8,52.9
"Mayo, Coby",691723,2026,169,30.8,7.7,".289",".300",28.4,9.8,49,"104.421852353","96.804289608",28.8,45.2
"Troy, Tommy",694371,2026,36,19.4,11.1,".356",".342",28,8,28,"98.51792","93.467943333",28.1,44.4
"Ozuna, Marcell",542303,2026,195,28.7,9.7,".265",".312",39,8.6,40.7,"100.07092069","94.356866379",30.1,41.7
"Reynolds, Bryan",668804,2026,272,21.7,16.2,".368",".365",32.7,8.5,44.2,"102.052345663","95.239599697",27.7,43.9
"Sosa, Lenyn",672820,2026,117,21.4,0.9,".215",".249",34.4,5.6,36.7,"98.841732","93.512313708",21.5,56
"Rosario, Amed",642708,2026,101,21.8,5.9,".343",".326",31.5,12.3,41.1,"101.901059189","95.126341096",26.9,57.6
"Fermín, José",665877,2026,83,16.9,9.6,".295",".262",18.3,1.7,36.7,"97.113266333","92.621966333",12.3,37
"Springer, George",543807,2026,185,19.5,8.6,".287",".299",29.5,7.8,37.2,"98.681273385","93.424749767",25.3,50.4
"Walker, Christian",572233,2026,261,20.7,8,".351",".325",30.2,12.6,45.6,"101.927958791","95.420712308",29.6,49.6
"Young, Cole",702284,2026,249,20.5,8,".307",".329",37,5.8,37,"98.785526977","93.439330349",23.2,47.6
"Santana, Carlos",467793,2026,26,30.8,7.7,".137",".187",25,0,43.8,"98.43934875","93.358594375",29.6,50.9
"Turang, Brice",668930,2026,256,23.4,17.6,".384",".377",38.4,8,47.7,"101.326257027","95.536144797",20.6,40.5
"Peña, Jeremy",665161,2026,114,14,5.3,".348",".366",36,4.5,27,"96.604397111","92.386839438",26.4,54.2
"Azócar, José",640492,2026,16,18.8,6.3,".371",".300",33.3,0,25,"95.820556667","92.265758182",25.7,56.5
"Martínez, Angel",682657,2026,213,21.6,2.8,".308",".295",35,7.7,34.6,"99.547515526","93.943703775",19.2,55
"Alvarez, Francisco",682626,2026,128,21.9,8.6,".318",".343",29.4,16.5,42.4,"101.83303","95.197465412",28.5,45.4
"Short, Zack",670097,2026,39,20.5,17.9,".279",".323",30.4,8.7,30.4,"97.269353636","92.880199048",30.6,46.7
"Goldschmidt, Paul",502671,2026,139,20.1,9.4,".387",".380",38.9,12.6,45.3,"100.730720625","94.836510421",23.7,47.9
"Senger, Hayden",663584,2026,17,23.5,0,".198",".181",15.4,0,23.1,"94.701694","92.827231111",32.4,63
"Smith, Will",669257,2026,198,16.2,11.1,".325",".388",43,13.4,39.4,"99.93862","94.176617183",16,41.3
"Isbel, Kyle",664728,2026,172,22.7,5.2,".295",".276",30.6,3.3,33.9,"98.6328425","93.470018661",19.5,47.8
"Schneemann, Daniel",682177,2026,175,29.1,10.3,".308",".307",38.7,6.7,35.2,"98.04926283","93.170772381",31.1,48.2
"Walls, Taylor",670764,2026,155,24.5,12.3,".280",".242",27.8,2.1,16.5,"93.438335682","90.754527727",20.9,42.9
"Acuña, Luisangel",682668,2026,118,17.8,5.9,".197",".261",19.1,2.2,36,"99.045502273","93.733768621",23.2,49.5
"Robles, Victor",645302,2026,26,23.1,0,".305",".280",30,5,25,"93.835415","91.5508125",24.1,49.1
"Lowe, Nathaniel",663993,2026,148,23.6,10.8,".371",".377",43.3,14.1,43.3,"101.74132087","95.089983804",22.5,43.3
"McCann, James",543510,2026,62,27.4,1.6,".210",".208",22.7,6.8,45.5,"100.735185238","95.068915",30.4,52.5
"Garcia, Jhostynxon",691373,2026,34,29.4,2.9,".238",".297",36.4,4.5,36.4,"100.065676364","94.032838182",32.3,57.5
"Collins, Isaac",686555,2026,202,27.2,12.9,".298",".298",33.3,7.7,40.2,"99.782623621","94.076793043",27.1,38.8
"Helman, Michael",680737,2026,25,20,4,".225",".219",16.7,0,5.6,"90.282311429","89.299999286",23.1,60.5
"Rivero, Sebastián",665861,2026,49,22.4,6.1,".164",".218",14.3,0,11.4,"92.381804118","90.532193824",26.4,58.2
"Durbin, Caleb",702332,2026,193,14.5,5.7,".251",".272",24.7,2,30,"96.487845342","92.27699531",15.4,44.9
"García, Adolis",666969,2026,236,30.9,8.5,".269",".296",38.8,8.6,48.9,"101.772910429","95.630160432",33.9,44.5
"McAdoo, Charles",807727,2026,11,18.2,0,".352",".355",33.3,11.1,55.6,"99.971316","94.650731111",26.3,57.6
"Murray, Tanner",695020,2026,33,21.2,6.1,".258",".275",26.1,8.7,43.5,"100.076803636","94.571662381",32,48.5
"Johnson, Bryce",669369,2026,40,37.5,7.5,".257",".195",22.7,0,9.1,"88.910428","89.397276842",34.7,50
"Wood, James",695578,2026,294,29.6,17.3,".400",".429",42.8,25,58.6,"106.593285526","98.801696954",31.8,38.2
"Valdez, Esmerlyn",699013,2026,18,50,11.1,".309",".270",42.9,28.6,71.4,"102.7449875","98.507577143",45.5,44
"Melendez, MJ",669004,2026,99,34.3,10.1,".323",".276",26,12,56,"102.6341228","96.496178776",35.6,46.8
"Rojas, Miguel",500743,2026,101,11.9,5.9,".293",".311",33.3,3.7,32.1,"97.697019487","92.925820519",18.3,48.5
"Smith, Dominic",642086,2026,141,14.2,5,".355",".357",37.2,8.1,36.3,"98.651643091","93.685189182",20.1,54.1
"Marsee, Jakob",805300,2026,259,22.8,13.1,".294",".300",29.6,3.8,35.2,"97.773145714","92.933381176",19.3,39.6
"Urías, Ramón",602104,2026,68,17.6,8.8,".275",".306",30.4,10.9,37,"98.923815652","93.632823261",23.5,48.5
"Wilson, Weston",642215,2026,46,23.9,13,".317",".297",32.1,3.7,35.7,"97.982811429","93.176272593",29.5,44.9
"Ewing, A.J.",805999,2026,86,32.6,10.5,".305",".322",36.7,6.1,44.9,"100.337678333","94.994982766",24.7,41.3
"Heim, Jonah",641680,2026,84,16.7,8.3,".288",".290",31.7,6.3,25.4,"96.184062813","92.170831429",20.1,45.7
"Hoskins, Rhys",656555,2026,173,27.2,19.1,".341",".316",33.7,13,44.6,"100.45091","94.514066196",29.9,40.8
"Brito, Juan",682877,2026,56,30.4,7.1,".234",".256",29.4,2.9,32.4,"97.150075882","92.606637941",32.5,48.5
"Kayfus, CJ",692216,2026,25,32,8,".291",".305",14.3,21.4,50,"101.151187143","94.712108571",37.9,53.7
"Pozo, Yohel",650968,2026,33,9.1,0,".229",".244",26.7,0,26.7,"96.775120667","92.421824667",13,67
"Steer, Spencer",668715,2026,235,20.4,9.4,".361",".379",42,14.1,40.1,"99.770464487","94.296112756",23.2,44.7
"Rumfield, TJ",681198,2026,237,15.2,8.9,".360",".337",40.3,7.4,35.8,"97.91669875","92.990190057",19.1,51.1
"Polanco, Jorge",593871,2026,61,18,8.2,".242",".270",40,4.4,33.3,"98.184254783","93.223895778",20,46.9
"Mangum, Jake",663968,2026,127,18.9,7.1,".314",".285",26.1,1.1,26.1,"95.449891429","91.724945714",19.6,59.5
"Amaya, Miguel",665804,2026,105,21.9,12.4,".324",".296",28.1,6.3,25,"95.84548125","92.007467143",27.1,42.5
"Dunn, Blake",694362,2026,82,23.2,6.1,".333",".274",38.6,5.5,31.6,"99.635761538","94.056361765",30.9,48.6
"Soler, Jorge",624585,2026,243,31.3,9.1,".311",".306",36.2,11.3,41.1,"101.32436507","94.75569844",35.1,47.1
"Suzuki, Seiya",673548,2026,205,26.3,9.8,".321",".317",35.9,8.6,41.4,"100.825423125","94.567752734",26.7,41.8
"Kreidler, Ryan",668952,2026,58,24.1,10.3,".373",".334",35.1,8.1,32.4,"99.310726316","93.809382162",30.9,52.9
"Tolbert, Tyler",686475,2026,11,27.3,18.2,".291",".264",0,0,33.3,"91.219946667","93.045182",38.1,52.5
"Waldschmidt, Ryan",814439,2026,94,33,7.4,".326",".306",56.4,7.3,40,"99.007591429","93.629807818",33.5,43.1
"Halpin, Petey",690984,2026,31,25.8,3.2,".179",".268",40.9,9.1,31.8,"98.198833636","93.443339524",30.8,52.8
"Trevino, Jose",624431,2026,32,15.6,3.1,".156",".207",23.1,0,26.9,"94.615418333","91.455717826",23.5,56
"Lukes, Nathan",664770,2026,95,12.6,4.2,".365",".339",37.3,1.3,36,"97.865424324","92.974569459",15.6,50.5
"Keaschall, Luke",807712,2026,240,15.4,8.8,".290",".284",34.3,2.8,28.1,"96.278121798","92.166647966",15.3,41.7
"Beck, Jordan",687597,2026,88,25,5.7,".236",".260",29.5,3.3,26.2,"96.342657333","92.250080508",29.3,54.3
"Schanuel, Nolan",694384,2026,208,15.9,6.3,".311",".311",36.3,3.1,31.9,"97.119713125","92.595979308",18.8,46.8
"Thomas, Alek",677950,2026,100,23,3,".248",".292",36.1,8.6,43.1,"100.467646471","94.664877647",26.7,57.4
"Crawford, Justin",702222,2026,193,19.2,7.3,".286",".270",25.7,1.4,35.7,"98.305629412","93.3771575",18.9,50.8
"Triolo, Jared",669707,2026,100,26,7,".248",".264",26.2,1.6,30.8,"97.577886452","92.799130968",25.9,42.8
"Arias, Gabriel",672356,2026,32,37.5,6.3,".298",".293",22.2,16.7,50,"103.781052222","97.075641765",40.4,44.5
"Gonzalez, Jacob",694378,2026,16,37.5,12.5,".312",".306",25,0,62.5,"102.138855","96.24604875",24.3,51.4
"Buxton, Byron",621439,2026,247,25.9,7.3,".374",".332",32.7,17.9,46.3,"101.390367037","95.131270988",31.4,53.5
"Abreu, Wilyer",677800,2026,260,18.8,9.2,".344",".353",34.2,11.3,42.8,"100.620845161","94.661535081",21.8,48.5
"Crawford, J.P.",641487,2026,231,19,14.7,".342",".354",38.9,9.5,36.9,"98.715012192","93.441791438",17.4,37.9
"Adell, Jo",666176,2026,260,23.5,2.7,".291",".335",33.2,8.7,46.2,"102.514317717","95.696673443",26,55.6
"Dingler, Dillon",693307,2026,231,19.9,8.7,".361",".409",42.4,14,51.3,"101.780559494","95.696029236",21.4,47.5
"DeLauter, Chase",800050,2026,242,11.6,10.7,".333",".348",36.7,5.9,39.6,"100.161894839","94.192588925",16,42
"Arozarena, Randy",668227,2026,268,22.8,9,".357",".341",37.4,7.5,41.4,"100.274056207","94.712910694",27.9,48.2
"Arcia, Orlando",606115,2026,33,18.2,3,".277",".240",34.6,3.8,23.1,"96.29044","92.272153077",19,50
"Campusano, Luis",669134,2026,58,25.9,8.6,".412",".340",37.8,10.8,48.6,"100.993374737","94.94082027",29.5,50.5
"Del Castillo, Adrian",680728,2026,131,31.3,7.6,".259",".260",33.8,6.3,40,"98.413773","93.536228101",31.9,47.6
"Garver, Mitch",641598,2026,91,29.7,17.6,".296",".295",20.8,6.3,54.2,"101.464692917","95.58955625",33.9,42.4
"Rutschman, Adley",668939,2026,191,14.1,10.5,".350",".372",39.2,9.8,46.9,"100.525676667","94.761500629",14.8,41.2
"Prieto, César",693409,2026,17,11.8,0,".000",".251",20,7.1,46.7,"101.527307143","95.736156429",20.8,57.1
"Wetherholt, JJ",802139,2026,266,16.9,10.9,".340",".359",36.3,7.8,48.4,"99.958929","94.531756556",22.5,44
"Story, Trevor",596115,2026,176,32.4,4.5,".244",".248",30,3.6,41.8,"99.268155636","93.840743853",31.7,55.4
"Burger, Jake",669394,2026,245,26.5,6.9,".311",".307",34,9.3,48.8,"102.916264691","95.887738704",35.2,51.1
"Kwan, Steven",680757,2026,245,10.6,13.9,".274",".295",36.1,0.6,8.8,"91.314207126","89.78351908",8,35.3
"Frelick, Sal",686217,2026,215,10.7,8.4,".270",".278",27.4,2.4,27.4,"96.741910723","92.388327048",10.5,42
"Saggese, Thomas",695336,2026,82,31.7,7.3,".237",".274",34,10,38,"100.2456392","94.3591682",33,54
"Schwarber, Kyle",656941,2026,264,34.1,14,".402",".378",36.8,23.3,51.1,"103.826668955","96.598859248",33.5,43.3
"Haase, Eric",606992,2026,42,26.2,7.1,".424",".375",39.3,25,32.1,"98.310060714","93.3200425",35.1,50.3
"Taylor, Tyrone",621438,2026,104,18.3,2.9,".233",".248",32.9,6.1,30.5,"97.454180256","92.744447564",23.5,54.3
"Harris II, Michael",671739,2026,229,18.3,4.8,".372",".385",28,14.9,53.1,"104.790498953","97.150305116",26.3,55.4
"Freeman, Freddie",518692,2026,263,16.7,11.4,".358",".368",35.6,11.2,46.3,"101.129642872","94.91004883",22.7,49
"Valera, George",671655,2026,38,21.1,2.6,".237",".198",20.7,0,34.5,"98.353314","93.687662414",22.1,57.1
"Frazier, Adam",624428,2026,90,28.9,8.9,".288",".238",30.9,1.8,16.4,"93.122690385","90.689275962",26.3,53.8
"Hicks, Liam",689414,2026,230,9.1,10.4,".361",".327",26.5,5,33.1,"97.559904444","92.813340778",10.7,42
"Rodríguez, Julio",677594,2026,276,21.4,6.9,".337",".337",31.1,9.7,42.9,"102.739286531","95.62396301",27.3,53.7
"Cole, Zach",805904,2026,53,39.6,1.9,".236",".289",23.3,16.7,50,"102.600134","95.962160333",43.3,44.3
"Fulford, Braxton",690924,2026,23,30.4,8.7,".268",".174",21.4,0,21.4,"93.35474","91.00822",40,46.5
"Perez, Salvador",521692,2026,252,19.4,4.8,".268",".293",32.3,8.6,40.9,"100.088596237","94.183059462",26.3,57.3
"Varsho, Daulton",662139,2026,235,19.1,9.4,".327",".304",36.1,6,38,"98.442833855","93.253723818",20.4,52.4
"Walton, Donovan",622268,2026,40,17.5,5,".310",".314",41.9,9.7,38.7,"97.933154375","93.388164516",28,52.6
"Machado, Manny",592518,2026,245,23.7,11,".274",".315",30,8.8,44.4,"101.16268725","95.026070377",25.5,48.1
"Donovan, Brendan",680977,2026,101,14.9,10.9,".374",".345",38.6,4.4,32.9,"96.905916471","92.458882059",20.4,42.7
"Monasterio, Andruw",655316,2026,100,22,6,".298",".288",38.9,5.6,38.9,"98.304973429","93.250840857",17.5,47.2
"Antonacci, Sam",803011,2026,177,14.7,6.2,".352",".379",41.4,7.1,36.7,"98.196185556","93.19677144",16.2,40.9
"Harper, Bryce",547180,2026,256,18.8,14.5,".377",".412",36.8,14,43.9,"101.758386395","95.047473099",28.6,51.3
"Meadows, Parker",678009,2026,39,25.6,5.1,".290",".250",30.8,3.8,19.2,"94.482146154","91.241073077",20.3,45.4
"Montgomery, Colson",695657,2026,256,30.5,8.6,".342",".326",36.1,14.3,44.9,"102.021801216","95.331510136",37.9,52.4
"Cronenworth, Jake",630105,2026,114,20.2,12.3,".233",".304",28.4,5.5,32.4,"98.140737778","93.094018611",23.3,44.2
"Riley, Austin",663586,2026,257,28.8,7.8,".284",".307",30.4,10.1,44.9,"101.983978101","95.373467025",32.1,47.7
"Black, Tyler",672012,2026,28,25,3.6,".367",".191",25,0,15,"94.187515","91.1716985",23.1,53.6
"Moore, Dylan",664238,2026,15,40,20,".140",".234",50,0,33.3,"96.896296667","92.479925",29.4,42
"Nishida, Rikuu",807747,2026,25,20,0,".187",".217",35,0,10,"94.377986667","91.256093333",15.4,47.6
"Mayer, Marcelo",691785,2026,181,17.7,6.6,".264",".259",27.8,6.1,36.8,"98.058794091","93.067789389",26.5,50.8
"Rooker, Brent",667670,2026,185,30.8,9.2,".282",".313",33.9,14.8,40.4,"101.308202037","94.739494537",37.7,49.3
"Rodríguez, Endy",682848,2026,48,18.8,25,".392",".371",38.5,11.5,38.5,"98.312248462","93.247667308",21.1,39.6
"Kim, Hyeseong",808975,2026,131,23.7,9.2,".295",".304",42.5,3.4,25.3,"95.588878636","91.838053563",27,47.4
"O'Hearn, Ryan",656811,2026,197,19.8,10.2,".375",".351",32.4,7.4,44.1,"99.721705294","94.476870221",21.7,44
"Rodríguez, Johnathan",671286,2026,11,36.4,27.3,".191",".331",50,0,50,"100.403695","94.365165",19.2,47.3
"Ramírez, Agustín",682663,2026,129,21.7,10.1,".298",".282",26.7,4.7,40.7,"101.906475116","95.046452907",31,48.4
"Soderstrom, Tyler",691016,2026,250,18.8,10.8,".328",".331",29.1,11.5,44.6,"101.711118391","95.071652586",22.3,47.7
"Basallo, Samuel",694212,2026,190,25.3,9.5,".364",".363",36.3,12.2,48.4,"104.373557419","96.783405854",30.5,51.1
"Velázquez, Nelson",676369,2026,15,20,6.7,".558",".478",50,10,60,"102.016544","95.865533",29.2,44.4
"Teodosio, Bryce",669326,2026,51,35.3,5.9,".237",".203",13.3,6.7,23.3,"96.110663571","92.221051111",39.2,54.8
"Lockridge, Brandon",663604,2026,96,26,10.4,".326",".277",19.7,1.7,32.8,"98.890063214","93.586164909",27.6,43.8
"House, Brady",691781,2026,177,28.2,7.3,".301",".320",28.9,10.6,43,"101.529832982","94.974559115",33,52.2
"Jeffers, Ryan",680777,2026,148,15.5,15.5,".411",".389",37.6,15.8,43.6,"102.146176667","95.511711287",16.5,38.4
"Karros, Kyle",691720,2026,203,23.6,12.8,".296",".325",42.2,6.3,40.6,"99.875779844","94.244976063",24.9,42
"Ruiz, Esteury",665923,2026,51,31.4,5.9,".305",".242",34.4,9.4,31.3,"97.184833125","92.749477742",35,50
"Lindor, Francisco",596019,2026,105,18.1,10.5,".303",".340",31.1,9.5,43.2,"100.295103784","94.53938",25.8,45.5
"Friedl, TJ",670770,2026,178,23.6,7.3,".240",".250",26.9,2.7,28.6,"97.555078824","92.874162353",26.5,44.6
"Edwards, Xavier",669364,2026,269,11.5,12.3,".382",".353",40,6.3,32.7,"97.149050594","92.665609505",13.7,40
"Young, Jared",676724,2026,51,25.5,11.8,".380",".391",31.3,18.8,56.3,"104.339615","97.217094194",29,46.3
"Ward, Ryan",669899,2026,15,20,6.7,".390",".416",54.5,9.1,36.4,"99.62031","94.338350909",16.7,47.6
"Caissie, Owen",683357,2026,169,40.8,8.3,".302",".282",47.6,11.9,45.2,"102.300693571","95.622436747",35.7,45.1
"Murphy, Sean",669221,2026,14,42.9,0,".064",".133",12.5,0,25,"97.4711875","92.73559375",45.8,54.5
"Allen, Nick",669397,2026,64,17.2,4.7,".304",".254",18.4,2,30.6,"96.855073913","92.496783478",25.2,45.8
"Outman, James",681546,2026,70,41.4,7.1,".221",".196",31.4,0,25.7,"94.385216667","91.430578857",40.3,55.2
"Romo, Drew",691011,2026,77,24.7,11.7,".328",".303",27.1,10.4,33.3,"97.609150417","92.806375",30.1,47.2
"Koss, Christian",683766,2026,15,13.3,0,".134",".158",8.3,0,16.7,"92.508865","90.361244167",25,61.5
"Stephenson, Tyler",663886,2026,174,27,12.6,".273",".321",39,11.8,42.9,"99.764553922","94.315038529",26.8,44.3
"McCutchen, Andrew",457705,2026,83,26.5,10.8,".251",".237",28.8,5.8,28.8,"97.078163462","92.559219808",32.5,44.9
"Pages, Andy",681624,2026,261,18.8,6.5,".368",".347",36.3,9.8,46.6,"101.07076134","94.899759378",22.9,50
"Vázquez, Christian",543877,2026,134,15.7,8.2,".309",".256",31.4,2,23.5,"95.691078571","91.886023571",18.3,45.6
"Hamilton, David",666152,2026,169,17.8,10.7,".291",".280",21.8,3.4,28.8,"97.016211633","92.511542857",18.6,44.8
"Raleigh, Cal",663728,2026,181,31.5,9.9,".253",".289",32.1,12.3,31.1,"98.783037736","93.452052547",30.5,53.1
"Feduccia, Hunter",676439,2026,82,31.7,11,".314",".300",37,4.4,28.9,"97.255519524","92.91651878",26.6,46.4
"Ramos, Heliot",671218,2026,176,26.7,5.7,".319",".326",33.6,13.8,48.7,"103.573738103","96.319038621",28.8,54.5
"Church, Nathan",701675,2026,156,21.2,3.8,".296",".297",36.5,9.6,33,"98.155510179","93.107414732",23.4,57.7
"Sanoja, Javier",691594,2026,139,10.8,7.2,".295",".261",30.7,1.8,32.5,"97.618794643","92.85683125",13.4,51.2
"Torrens, Luis",620443,2026,110,20.9,4.5,".263",".259",27.8,1.3,40.5,"98.665866053","93.599184079",24,48.3
"Murakami, Munetaka",808959,2026,246,32.5,17.9,".401",".380",28.9,20.7,58.7,"104.957898167","97.767416",41.8,41.5
"Lopez, Otto",672640,2026,262,15.6,3.8,".368",".341",30.4,7.8,44.4,"101.366131942","95.17703961",20.2,48.1
"Thomas, Lane",657041,2026,138,20.3,16.7,".313",".317",39.5,3.5,34.9,"97.81754","92.93912907",21.3,40.6
"O'Hoppe, Logan",681351,2026,141,23.4,9.2,".267",".280",26.1,12,37,"99.012077609","93.567855543",29.5,49.2
"Muncy, Max",571970,2026,216,25.5,12,".374",".386",32.1,17.2,49.3,"102.52856806","95.665776791",28.2,44.3
"Sánchez, Jesús",660821,2026,187,20.9,3.7,".330",".343",34.3,10.2,46.7,"101.490843768","95.181080876",24.9,55.5
"Turner, Trea",607208,2026,268,22,6.3,".279",".287",32.3,5.7,40.1,"99.135357917","93.711351615",26.6,51.7
"Millas, Drew",686452,2026,106,21.7,7.5,".244",".277",34.2,4.2,20.5,"93.493324706","91.151656716",22.2,45.7
"Johnston, Troy",687859,2026,216,20.4,7.4,".363",".330",44.8,2.6,37.7,"98.5512175","93.408232318",23.7,49.6
"Lee, Brooks",686797,2026,234,18.4,6.4,".314",".269",34.5,5.2,30.5,"96.725808023","92.410095789",21.6,51.8
"Swanson, Dansby",621020,2026,236,23.7,12.7,".282",".295",26.2,7.4,42.3,"99.516744932","94.113197466",30.5,44.5
"Trout, Mike",545361,2026,280,23.2,21.4,".391",".428",36.8,21.9,50.7,"103.679130789","96.42948106",21.7,37.3
"Sánchez, Gary",596142,2026,120,21.7,17.5,".342",".344",21.1,9.9,33.8,"99.635229722","93.95356493",28,35.8
"Gilbert, Drew",687551,2026,132,19.7,5.3,".291",".260",29.6,3.1,30.6,"96.36131","92.365594043",25.2,45.6
"Matthews, Brice",694728,2026,161,32.9,6.8,".260",".259",32,7.2,40.2,"100.48462","94.495900109",37.6,45.7
"Goodman, Hunter",696100,2026,239,33.9,7.5,".354",".319",34.6,14.8,46.3,"102.875634853","95.930684444",33.9,54.8
"Altuve, Jose",514888,2026,185,18.9,10.3,".315",".314",33.1,6.3,36.9,"98.366335238","93.267306",24.7,47.2
"Semien, Marcus",543760,2026,244,20.1,6.6,".272",".321",35.4,8.5,34.8,"97.409198621","92.720274483",21.6,51
"Hernaiz, Darell",687231,2026,127,15.7,10.2,".298",".274",31.2,1.1,24.7,"95.53481","91.846782747",21.4,50.8
"Conforto, Michael",624424,2026,98,27.6,14.3,".375",".378",38.6,15.8,56.1,"103.102988966","96.863223509",31.8,42.7
"Gorman, Nolan",669357,2026,217,31.3,10.6,".277",".284",35.7,9.5,43.7,"100.884973016","94.57443119",37.6,50.2
"Holliday, Jackson",702616,2026,47,23.4,14.9,".326",".330",41.4,6.9,37.9,"98.538400667","93.494673793",31,42.6
"Torres, Bryan",663494,2026,31,19.4,9.7,".332",".372",45.5,4.8,27.3,"95.117005455","91.867725714",24.6,43.5
"Valenzuela, Brandon",678218,2026,124,23.4,12.1,".325",".336",38.8,8.8,38.8,"99.58783","93.974861169",25.8,49.9
"Schneider, Davis",676914,2026,89,34.8,19.1,".254",".276",29.3,9.8,41.5,"99.6742995","94.5978455",32,36.9
"Perdomo, Geraldo",672695,2026,247,12.6,13.4,".309",".324",34.6,3.3,31.3,"96.766371954","92.449046647",10.7,39.5
"Yelich, Christian",592885,2026,134,28.4,9.7,".357",".291",27.7,7.2,36.1,"99.888679268","94.112639878",32.9,45.2
"Straw, Myles",664702,2026,106,17,9.4,".297",".315",30.8,5.1,28.2,"96.558383684","92.357213867",15.1,37.6
"Robert Jr., Luis",673357,2026,98,17.3,13.3,".303",".324",20.6,2.9,42.6,"102.167753824","95.562142647",25.6,46.6
"Refsnyder, Rob",608701,2026,90,30,6.7,".192",".254",25.5,9.1,36.4,"98.346969643","93.286049818",27.1,42.9
"Dunn, Oliver",686554,2026,12,25,8.3,".133",".207",0,0,25,"94.2383425","92.617014286",30,47.6
"Rushing, Dalton",687221,2026,105,25.7,7.6,".377",".362",32.8,10.4,41.8,"101.487426061","94.796915455",30.6,50.4
"Díaz, Elias",553869,2026,23,21.7,4.3,".361",".298",35.3,17.6,41.2,"100.253557778","94.487177647",29.2,57.8
"Stott, Bryson",681082,2026,211,16.6,5.7,".285",".307",31.9,8,40.5,"99.383284815","93.936128261",17.3,43.2
"Yorke, Nick",694377,2026,86,19.8,8.1,".257",".306",26.7,5,48.3,"102.009938333","95.389052333",18.7,47.5
"Fraley, Jake",641584,2026,90,27.8,8.9,".307",".277",43.9,8.9,21.4,"95.270387857","91.643863036",21.8,44.9
"Caglianone, Jac",695506,2026,213,30,8.5,".320",".340",35.9,14.8,58.6,"106.380772813","98.215620313",32.5,47.4
"Lowe, Brandon",664040,2026,252,24.6,10.7,".378",".364",37.9,13,46,"101.588592716","95.212972547",34.4,48.2
"Mack, Joe",691788,2026,80,30,6.3,".270",".259",29.4,5.9,35.3,"99.119426","93.703605102",24.5,48.4
"Winn, Masyn",691026,2026,229,21.4,8.3,".288",".294",31.4,3.2,30.8,"97.434472857","92.759886667",23.3,42
"Alexander, Blaze",677942,2026,144,25.7,6.3,".299",".324",40.6,4.2,45.8,"100.468592391","94.881251848",28.7,55.7
"Moreno, Gabriel",672515,2026,148,19.6,9.5,".318",".357",40.4,10.6,45.2,"99.835493654","94.074107885",18.3,43.9
"Hernández, Teoscar",606192,2026,204,27,9.3,".346",".339",34.4,11,45.3,"100.610986719","94.565144094",29.1,45
"Loperfido, Joey",694388,2026,66,28.8,9.1,".321",".279",35,5,40,"98.904521","93.788601",35.9,48.5
"Yastrzemski, Mike",573262,2026,174,23,9.2,".317",".294",31.3,4.3,38.3,"98.883877368","93.900602456",24.9,42.7
"Castellanos, Nick",592206,2026,122,27.9,4.1,".241",".285",42.2,8.4,37.3,"98.254014286","93.44007",33.5,57
"Suárez, Eugenio",553993,2026,142,30.3,10.6,".291",".284",35.7,8.8,25,"98.1303995","93.06519975",31.9,45.2
"Scott II, Victor",687363,2026,173,24.3,6.9,".234",".261",31.4,0.9,24.6,"96.2008376","92.142147677",25.7,47.3
"Mullins, Cedric",656775,2026,202,17.3,8.4,".256",".249",28.1,2.1,28.5,"97.077498235","92.736682",20.1,48.6
"Castro, Willi",650489,2026,196,28.6,8.7,".310",".284",29.8,5.8,45.5,"100.333960167","94.430212437",30.2,53.4
"Vientos, Mark",668901,2026,197,21.3,3.6,".278",".320",32.2,10.3,45.9,"101.354882466","95.071052397",30.5,55.8
"Thompson, Sterlin",694514,2026,45,17.8,11.1,".267",".311",33.3,0,40,"99.542149333","93.771074667",25.3,48.9
"Larnach, Trevor",663616,2026,185,20.5,14.1,".345",".317",36.1,5.9,29.4,"97.0253065","92.570070756",27.9,41.5
"France, Ty",664034,2026,120,22.5,5,".370",".333",31.8,13.1,51.8,"102.567669286","96.14729869",28.6,54.3
"Sogard, Nick",686765,2026,41,14.6,12.2,".326",".302",33.3,0,16.7,"92.160866429","90.557517407",18.3,38.2
"Griffin, Konnor",804606,2026,208,26.9,6.7,".324",".303",31.1,8.2,35.6,"99.871697761","94.003418271",32.1,50.9
"Happ, Ian",664023,2026,264,31.8,14,".367",".347",34.3,16.4,47.1,"102.466224","95.764553357",33.1,43.7
"Caratini, Victor",605170,2026,174,20.1,8.6,".271",".335",41,6,38.5,"98.236939492","93.523060855",21.2,42.9
"Barrosa, Jorge",678489,2026,103,29.1,7.8,".257",".210",34.4,6.3,20.3,"94.166451034","91.137317193",26.5,44
"Contreras, Willson",575929,2026,245,24.9,10.2,".400",".395",33.6,14.3,43.6,"103.026243243","95.729569592",30.3,47.6
"Benge, Carson",701807,2026,230,21.7,7.4,".314",".345",41.9,10,45,"100.887042","94.886949188",21.4,44.9
"Peters, Tristan",671976,2026,170,19.4,7.1,".341",".290",33.3,4.1,26.8,"97.692538148","92.943574074",23.6,56.2
"Freeland, Alex",690976,2026,133,26.3,9.8,".312",".298",35.3,8.2,36.5,"98.954176098","93.61380358",27.1,39.7
"Witt Jr., Bobby",677951,2026,281,17.8,10.3,".357",".391",38.8,13.2,52.7,"103.786600505","96.686723807",25.3,48.2
"McMahon, Ryan",641857,2026,169,32,7.1,".272",".283",28.2,9.8,49.5,"101.775862941","95.467324851",31.9,46.6
"Bregman, Alex",608324,2026,283,17,9.5,".313",".319",32.8,5.4,39.7,"98.610846765","93.526728424",18.3,40.2
"Pereira, Everson",677592,2026,71,29.6,5.6,".333",".313",40.9,11.4,43.2,"100.295458636","94.282218182",37.3,59.9
"Doyle, Brenton",686668,2026,122,32.8,9,".254",".248",25.4,5.9,35.2,"99.149070882","93.661036119",32.2,53.4
"Báez, Javier",595879,2026,82,19.5,2.4,".297",".294",46,3.2,28.6,"96.147375484","92.125130323",27.5,59.9
"Espinal, Santiago",669289,2026,49,14.3,2,".255",".266",41.5,2.4,31.7,"96.439558947","92.273825",19.1,49
"Cook, Billy",695257,2026,21,38.1,0,".171",".139",15.4,0,15.4,"94.094093333","91.324050909",31,64.6
"Duran, Ezequiel",677649,2026,192,24,7.8,".348",".309",34.4,6.2,39.7,"100.099216094","94.306982283",29.7,49.3
"Martin, Austin",668885,2026,204,15.7,12.3,".318",".318",32.6,2.8,28.5,"96.219013194","92.17605007",19.6,40.2
"Andujar, Miguel",609280,2026,190,17.4,3.2,".312",".287",28.2,4.7,36.9,"99.594384","93.897137248",19.5,54.6
"Meyers, Jake",676694,2026,89,20.2,6.7,".280",".281",29.7,7.8,31.3,"96.698393438","92.356088594",22.9,53.5
"Norby, Connor",681393,2026,203,28.1,10.3,".299",".292",31.4,8.5,35.6,"97.358807288","92.790324831",30.4,49
"Jiménez, Leo",677870,2026,65,18.5,9.2,".259",".352",28.9,6.8,37.8,"99.901727727","94.189233636",19.2,46
"Wisdom, Patrick",621550,2026,19,42.1,5.3,".261",".263",30,20,70,"103.735736","98.582059",40.5,51.9
"Bazzana, Travis",683953,2026,139,18.7,10.8,".347",".319",32.3,3.2,36.2,"98.584418043","93.498181304",24.3,44.1
"Bericoto, Victor",682674,2026,12,33.3,0,".323",".216",12.5,12.5,62.5,"101.2183","95.69432125",33.3,54
"Alvarez, Yordan",670541,2026,276,17.4,14.9,".452",".493",46.7,18.9,54.4,"106.056660556","97.820918222",19.9,42.5
"Julien, Edouard",666397,2026,170,26.5,12.9,".291",".334",42.2,6.9,48,"99.754518627","94.452491569",25.8,42
"Wells, Austin",669224,2026,166,26.5,13.9,".252",".304",31.3,7.1,45.5,"100.487903673","94.652428351",29,46.9
"Ballesteros, Moisés",694208,2026,152,20.4,9.9,".317",".316",34.9,10.4,47.2,"101.276899245","95.128509057",28.6,49.8
"Call, Alex",669743,2026,80,11.3,13.8,".351",".310",25.9,1.7,19,"93.591473448","90.917807414",10.5,40.5
"Alonso, Pete",624413,2026,271,22.9,10.3,".338",".366",32.8,12.2,55.6,"103.467049556","97.058233056",27.4,45.1
"Okamoto, Kazuma",672960,2026,251,32.3,10,".329",".330",32.4,15.5,52.8,"103.479004366","96.556949225",33.8,44.8
"Adames, Willy",642715,2026,266,27.1,5.3,".314",".296",37.4,8.9,41.9,"99.509715222","93.947572626",27.3,48.7
"Vivas, Jorbit",678391,2026,132,14.4,8.3,".290",".275",26.8,3.1,23.7,"94.575831875","91.574096421",16.9,50.5
"Perkins, Blake",663368,2026,76,23.7,10.5,".171",".251",18.4,4.1,32.7,"96.607868333","92.477530851",24.1,43.5
"Duran, Jarren",680776,2026,251,28.7,7.2,".300",".303",31,11.5,40.5,"102.167355641","95.323571548",34.8,47.2
"Shaw, Matt",807713,2026,104,17.3,5.8,".305",".300",38,5.1,35.4,"97.066849744","92.600925584",19.2,49.5
"Merrill, Jackson",701538,2026,241,25.3,8.7,".277",".323",38.6,10.2,46.2,"100.619135974","94.687872013",28.5,54.4
"Naylor, Josh",647304,2026,251,13.1,8,".296",".329",31.6,5.6,37.8,"98.83080898","93.572559231",20.3,53.7
"Naylor, Bo",666310,2026,90,23.3,6.7,".201",".296",30.2,11.5,42.6,"100.081128065","94.30415623",14.8,45.2
"Moncada, Yoán",660162,2026,130,34.6,13.1,".284",".270",33.3,7.7,40.9,"100.980665625","94.815858438",28.8,38.9
"Mountcastle, Ryan",663624,2026,15,13.3,6.7,".311",".301",33.3,0,41.7,"103.053788333","95.526894167",8.8,63
"Mitchell, Garrett",669003,2026,186,36.6,15.1,".330",".325",28.4,12.5,50,"104.504556591","96.943994138",37.7,41.6
"Bell, Josh",605137,2026,242,23.6,7.4,".285",".303",34.5,9.7,43,"100.068708916","94.373365697",27.1,51
"Neto, Zach",687263,2026,274,29.9,12.4,".341",".323",37.3,11.1,37.3,"98.848844868","93.739583113",29.8,49
"Betts, Mookie",605141,2026,126,12.7,7.1,".271",".326",39,9,36,"98.433154","93.6392799",13.1,41.8
"Díaz, Yandy",650490,2026,244,13.1,9,".398",".373",28.4,9.4,45.9,"102.526494835","95.517979945",13.8,47.1
"Clemens, Kody",665019,2026,195,23.1,7.2,".338",".332",35.9,14.6,44.3,"101.633258281","95.37094625",25.4,48.5
"Garcia, Maikel",672580,2026,247,14.2,8.5,".318",".323",33.5,4.2,40.8,"100.349708526","94.385124286",14.2,38.3
"Bellinger, Cody",641355,2026,263,12.5,14.4,".369",".379",41.1,8.4,39.1,"98.852137368","93.706164632",17,43.2
"Lopez, Nicky",670032,2026,33,27.3,3,".255",".214",34.8,0,21.7,"93.490643636","90.980311905",26.2,55.6
"Ward, Taylor",621493,2026,285,20,19.3,".352",".350",36,4.7,40.1,"98.97177093","93.714162093",18,31.2
"Fermin, Freddy",666023,2026,119,22.7,10.1,".194",".239",29.5,0,25.6,"95.617967692","91.859931039",27,49.8
"Grisham, Trent",663757,2026,236,16.9,15.3,".321",".345",33.1,11.9,43.8,"100.251230625","94.561920813",16.7,34.9
"Soto, Juan",665742,2026,193,14.5,12.4,".400",".411",29.3,17.3,48.6,"102.810173333","96.350569565",21.2,40.7
"Guerrero Jr., Vladimir",665489,2026,258,9.7,12,".348",".360",30.3,6.6,44.9,"102.570319394","95.518638131",19.4,48.5
"Devers, Rafael",646240,2026,266,30.5,6.4,".304",".287",31.1,9.6,49.1,"102.503745904","95.870438253",31,51.1
"Vierling, Matt",663837,2026,180,17.2,8.9,".288",".312",36.8,6.1,33.8,"98.153280758","93.136340379",16.8,46.8
"Fortes, Nick",663743,2026,148,12.8,2.7,".274",".271",23.8,0.8,41,"100.312263833","94.328787395",15.7,53.6
"McNeil, Jeff",643446,2026,213,13.1,8,".291",".313",39.4,1.2,30.9,"96.363161463","92.210939695",16.3,55.1
"Loftin, Nick",679845,2026,100,12,11,".302",".303",32.4,5.4,32.4,"96.679975946","92.413587397",12,38.4
"Morel, Christopher",666624,2026,69,39.1,5.8,".211",".221",35.1,2.7,43.2,"100.551553158","94.64376973",35.9,51.8
"Wiemer, Joey",686894,2026,83,34.9,14.5,".400",".315",29.3,10,39,"100.456284","94.588400513",31.9,40.3
"Peraza, Oswald",672724,2026,189,24.3,4.8,".355",".334",39.8,9.4,36.7,"100.214343934","94.114422295",30,54.9