name,age_2027,position_group,option_detail,matched,source,Team,PA,OPS,OBP,SLG,HR,RBI,BA,WAR,field_matched,Rtot,field_Pos,IP,ERA,WHIP,SO,BB,Est_Cost_M,Cost_Matched
Isiah Kiner-Falefa,32,Shortstops,,True,Free Agent,BOS,183.0,0.633,0.322,0.311,2.0,16.0,0.242,1.6,True,6.0,46/5HD3,,,,,,6.0,True
Orlando Arcia,32,Shortstops,,True,Free Agent,MIN,50.0,0.654,0.3,0.354,1.0,2.0,0.271,0.0,True,1.0,6/4H351,,,,,,1.25,True
Jorge Mateo,32,Shortstops,,True,Free Agent,ATL,137.0,0.665,0.285,0.38,4.0,11.0,0.24,0.8,True,1.0,6H/D147,,,,,,3.55,True
Zack Short,32,Shortstops,,True,Free Agent,DET,46.0,0.527,0.304,0.222,0.0,2.0,0.167,0.1,True,1.0,/461H,,,,,,,False
Ha-Seong Kim,31,Shortstops,,True,Free Agent,ATL,147.0,0.359,0.219,0.14,0.0,9.0,0.116,-0.8,True,-1.0,6/H,,,,,,20.0,True
Max Kepler,34,Right Fielders,,True,Free Agent,ARI,145.0,0.565,0.262,0.303,2.0,15.0,0.205,-0.6,True,7.0,7/HD,,,,,,,False
Seiya Suzuki,32,Right Fielders,,True,Free Agent,CHC,634.0,0.841,0.368,0.473,26.0,86.0,0.27,5.1,True,7.0,*9D/H,,,,,,17.0,True
Adolis Garcia,34,Right Fielders,,True,Free Agent,KCR,344.0,0.715,0.334,0.381,3.0,38.0,0.268,2.2,True,6.0,5/H6D,,,,,,10.0,True
Ronald Acuña Jr.,29,Right Fielders,$17MM club option with a $10MM buyout,True,Free Agent,ATL,469.0,0.796,0.345,0.451,20.0,55.0,0.255,1.9,True,5.0,9D,,,,,,12.5,True
Ramon Laureano,32,Right Fielders,,True,Free Agent,SDP,206.0,0.66,0.286,0.374,7.0,21.0,0.203,0.0,True,5.0,7/9HD,,,,,,4.0,True
Ty France,32,First Basemen,,True,Free Agent,SDP,500.0,0.865,0.363,0.502,21.0,72.0,0.295,4.5,True,9.0,*3/H5D,,,,,,1.35,True
Paul Goldschmidt,39,First Basemen,,True,Free Agent,NYY,380.0,0.765,0.313,0.452,18.0,52.0,0.252,1.3,True,3.0,3HD,,,,,,4.0,True
Jake Bauers,31,First Basemen,,True,Free Agent,MIL,578.0,0.874,0.389,0.484,26.0,86.0,0.266,3.3,True,1.0,*397H/D,,,,,,2.7,True
Rowdy Tellez,32,First Basemen,,True,Free Agent,ATL,11.0,0.773,0.273,0.5,1.0,4.0,0.2,0.0,True,0.0,/H3D,,,,,,,False
Nathaniel Lowe,31,First Basemen,,True,Free Agent,CIN,276.0,0.82,0.341,0.48,12.0,37.0,0.266,0.8,True,0.0,3/H,,,,,,1.75,True
Starling Marte,38,Designated Hitters,,True,Free Agent,KCR,168.0,0.611,0.298,0.314,2.0,14.0,0.242,-0.6,True,0.0,9DH/7,,,,,,,False
Josh Bell,34,Designated Hitters,$10MM mutual option with a $1.25MM buyout,True,Free Agent,MIN,631.0,0.738,0.319,0.419,21.0,96.0,0.255,0.7,True,-1.0,*D3/H,,,,,,7.0,True
Joc Pederson,35,Designated Hitters,$18.5MM mutual option (no buyout),True,Free Agent,TEX,432.0,0.816,0.329,0.487,26.0,53.0,0.235,1.7,True,-1.0,*DH/39,,,,,,18.5,True
Jorge Soler,35,Designated Hitters,,True,Free Agent,LAA,361.0,0.664,0.291,0.373,12.0,49.0,0.203,-0.3,True,-1.0,D/9H,,,,,,,False
George Springer,37,Designated Hitters,,True,Free Agent,TOR,517.0,0.726,0.321,0.405,15.0,54.0,0.249,0.6,True,-2.0,*DH/7,,,,,,25.0,True
Carson Kelly,32,Catchers,$7.5MM mutual option with a $1.5MM buyout,True,Free Agent,CHC,425.0,0.713,0.336,0.376,10.0,58.0,0.258,1.9,True,5.0,2H/D31,,,,,,,False
Jake Rogers,32,Catchers,,True,Free Agent,BOS,9.0,1.389,0.556,0.833,0.0,2.0,0.5,0.2,True,1.0,2,,,,,,,False
Luke Maile,36,Catchers,,True,Free Agent,KCR,48.0,0.502,0.229,0.273,1.0,5.0,0.159,-0.3,True,0.0,2/1H,,,,,,,False
Elias Diaz,36,Catchers,,True,Free Agent,HOU,361.0,0.772,0.313,0.459,14.0,45.0,0.285,1.7,True,-1.0,2/DH3,,,,,,,False
Austin Hedges,34,Catchers,,True,Free Agent,CLE,247.0,0.702,0.325,0.377,6.0,25.0,0.247,0.9,True,-1.0,2/1HD,,,,,,,False
Edmundo Sosa,31,Third Basemen,,True,Free Agent,PHI,250.0,0.712,0.283,0.429,9.0,44.0,0.247,1.0,True,6.0,756H4/D,,,,,,7.5,True
Luis Rengifo,30,Third Basemen,,True,Free Agent,SDP,145.0,0.784,0.375,0.409,4.0,17.0,0.291,0.7,True,5.0,57H/D43,,,,,,,False
Josh Rojas,33,Third Basemen,,True,Free Agent,KCR,115.0,0.586,0.265,0.321,2.0,14.0,0.226,0.6,True,4.0,5H/D641,,,,,,,False
Santiago Espinal,32,Third Basemen,,True,Free Agent,LAD,60.0,0.651,0.276,0.375,1.0,7.0,0.268,0.0,True,3.0,54H/3D,,,,,,,False
Jonathan India,30,Third Basemen,,True,Free Agent,KCR,58.0,0.623,0.31,0.313,2.0,8.0,0.167,0.2,True,0.0,4/H,,,,,,8.0,True
TJ Friedl,31,Center Fielders,,True,Free Agent,CIN,272.0,0.51,0.255,0.255,4.0,13.0,0.172,-1.0,True,10.0,87/H,,,,,,,False
Luis Robert Jr.,29,Center Fielders,$20MM club option with a $2MM buyout,True,Free Agent,BAL,12.0,0.795,0.25,0.545,1.0,3.0,0.182,0.0,True,6.0,8/7HD,,,,,,8.33,True
Tyrone Taylor,33,Center Fielders,,True,Free Agent,CHC,82.0,0.89,0.39,0.5,1.0,10.0,0.351,0.9,True,4.0,7/H89D,,,,,,3.8,True
Lane Thomas,31,Center Fielders,,True,Free Agent,KCR,328.0,0.719,0.326,0.393,10.0,37.0,0.232,0.4,True,2.0,7H/D9,,,,,,5.25,True
Cedric Mullins,32,Center Fielders,$10MM mutual option with a $500K buyout,True,Free Agent,TBR,502.0,0.628,0.284,0.344,15.0,48.0,0.205,1.0,True,2.0,*8H/D,,,,,,7.0,True
