Name,Rtot,position_group
Cal Raleigh,6.0,Catchers
Cole Young,5.0,Second Basemen
Jhonny Pereda,1.0,Catchers
Randy Arozarena,1.0,Left Fielders
Leo Rivas,1.0,Third Basemen
Brendan Donovan,0.0,Third Basemen
Lázaro Montes,0.0,Right Fielders
Ryan Bliss,0.0,Second Basemen
Rob Refsnyder,-1.0,Designated Hitters
Julio Rodríguez,-1.0,Center Fielders
Will Wilson,-1.0,Third Basemen
Taylor Ward,-1.0,Right Fielders
Colt Emerson,-3.0,Shortstops
Mitch Garver,-3.0,Catchers
Weston Wilson,-3.0,Third Basemen
Dominic Canzone,-4.0,Designated Hitters
Josh Naylor,-4.0,First Basemen
Luke Raley,-6.0,Right Fielders
J.P. Crawford,-8.0,Shortstops
