Name,status,2025_ERA,2026_ERA,2025_share_pct,2026_share_pct,Contribution_Pts
Bryan Woo,returning,2.94,4.01,12.8,12.2,-0.13582
Andrés Muñoz,returning,1.73,4.24,4.3,4.0,-0.10603
Luis Castillo,returning,3.696,5.06,12.8,7.0,-0.10509
Eduard Bazardo,returning,2.52,4.01,5.4,4.7,-0.07902
Michael Rucker,new,,5.56,0.0,3.0,-0.05142
Leo Rivas,returning,0.0,63.0,0.1,0.1,-0.04421
Alex Hoppe,new,,5.79,0.0,2.0,-0.03785
Josh Simpson,new,,9.82,0.0,0.5,-0.0297
George Kirby,returning,4.21,4.33,8.6,12.2,-0.02705
Gabe Speier,returning,2.61,2.93,4.3,3.2,-0.02318
Logan Gilbert,returning,3.44,3.73,9.0,13.1,-0.02051
Nick Davila,new,,4.94,0.0,1.9,-0.02045
Víctor Robles,new,,27.0,0.0,0.1,-0.01626
Weston Wilson,new,,27.0,0.0,0.1,-0.01626
Jose A. Ferrer,new,,4.18,0.0,4.5,-0.01415
Luke Jackson,departed,2.38,,0.8,0.0,-0.01132
Caleb Ferguson,departed,3.27,,1.5,0.0,-0.009
Casey Lawrence,departed,3.0,,1.0,0.0,-0.00892
José Castillo,departed,0.0,,0.2,0.0,-0.00796
Matt Brash,returning,2.47,0.54,3.2,1.1,-0.00726
Carlos Vargas,returning,3.97,4.74,5.3,1.3,-0.00618
Jhonathan Díaz,returning,0.0,6.75,0.1,0.1,-0.00515
Domingo González,new,,4.7,0.0,0.5,-0.00422
Jhonny Pereda,new,,54.0,0.0,0.0,-0.00352
Miles Mastrobuoni,departed,0.0,,0.1,0.0,-0.00265
Cole Wilcox,new,,4.0,0.0,1.9,-0.00254
Hoby Milner,new,,4.26,0.0,0.4,-0.00169
José Suarez,new,,4.5,0.0,0.1,-0.00089
Juan Burgos,departed,4.05,,0.4,0.0,0.00078
Brandyn Garcia,departed,4.5,,0.1,0.0,0.00087
Kade Anderson,new,,3.79,0.0,2.5,0.00189
Jackson Kowar,departed,4.24,,1.2,0.0,0.00436
Jesse Hahn,departed,5.4,,0.3,0.0,0.00526
Gregory Santos,departed,5.14,,0.5,0.0,0.00612
Sauryn Lao,departed,8.1,,0.2,0.0,0.00901
Blas Castaño,departed,9.0,,0.2,0.0,0.01057
Seranthony Domínguez,new,,3.04,0.0,1.6,0.01347
Cooper Criswell,new,,3.32,0.0,2.8,0.01543
Trent Thornton,departed,4.68,,2.9,0.0,0.02351
Troy Taylor,returning,12.15,9.0,0.4,0.2,0.02442
Logan Evans,departed,4.32,,5.6,0.0,0.02525
Collin Snider,departed,5.47,,1.8,0.0,0.02872
Tayler Saucedo,departed,7.43,,0.9,0.0,0.03204
Zach Pop,departed,13.5,,0.3,0.0,0.03371
Casey Legumina,returning,5.62,4.63,3.4,0.8,0.0532
Bryce Miller,returning,5.68,4.17,6.2,8.3,0.08691
Emerson Hancock,returning,4.9,3.57,6.2,9.7,0.09261
