Name,status,2025_HR,2026_HR,Contribution
Cal Raleigh,returning,60.0,23.0,-37.0
Jorge Polanco,departed,26.0,,-26.0
Eugenio Suárez,departed,13.0,,-13.0
Rowdy Tellez,departed,11.0,,-11.0
Julio Rodríguez,returning,32.0,22.0,-10.0
Dylan Moore,departed,9.0,,-9.0
Mitch Garver,returning,9.0,4.0,-5.0
Donovan Solano,departed,3.0,,-3.0
Leo Rivas,returning,2.0,0.0,-2.0
Leody Taveras,departed,2.0,,-2.0
Ben Williamson,departed,1.0,,-1.0
Víctor Robles,returning,1.0,0.0,-1.0
Ryan Bliss,returning,1.0,0.0,-1.0
Miles Mastrobuoni,returning,1.0,0.0,-1.0
Randy Arozarena,returning,27.0,26.0,-1.0
José Castillo,departed,0.0,,0.0
Taylor Ward,new,,0.0,0.0
Casey Legumina,departed,0.0,,0.0
Harry Ford,departed,0.0,,0.0
Stuart Fairchild,new,,0.0,0.0
Buddy Kennedy,new,,0.0,0.0
Zach Pop,departed,0.0,,0.0
Rhylan Thomas,departed,0.0,,0.0
Samad Taylor,departed,0.0,,0.0
Trent Thornton,departed,0.0,,0.0
Gabe Speier,new,,0.0,0.0
Emerson Hancock,departed,0.0,,0.0
Brock Rodden,new,,0.0,0.0
Michael Arroyo,new,,1.0,1.0
Josh Naylor,returning,9.0,10.0,1.0
Patrick Wisdom,new,,1.0,1.0
Connor Joe,new,,1.0,1.0
Will Wilson,new,,1.0,1.0
J.P. Crawford,returning,12.0,14.0,2.0
Jhonny Pereda,new,,2.0,2.0
Brendan Donovan,new,,3.0,3.0
Weston Wilson,new,,3.0,3.0
Rob Refsnyder,new,,4.0,4.0
Lázaro Montes,new,,4.0,4.0
Colt Emerson,new,,8.0,8.0
Luke Raley,returning,4.0,15.0,11.0
Dominic Canzone,returning,11.0,23.0,12.0
Cole Young,returning,4.0,17.0,13.0
