Name,status,2025_OPS,2026_OPS,2025_share_pct,2026_share_pct,Contribution_Pts
Cal Raleigh,returning,0.948,0.664,11.4,8.7,-0.03025
Josh Naylor,returning,0.831,0.667,3.4,10.7,-0.01093
Julio Rodríguez,returning,0.798,0.708,11.5,10.7,-0.01007
Jorge Polanco,departed,0.821,,8.5,0.0,-0.00678
Leo Rivas,returning,0.721,0.461,1.8,2.4,-0.00645
Colt Emerson,new,,0.581,0.0,4.0,-0.00633
Taylor Ward,new,,0.385,0.0,1.7,-0.0059
Rob Refsnyder,new,,0.465,0.0,2.1,-0.00584
Weston Wilson,new,,0.559,0.0,2.2,-0.00409
Patrick Wisdom,new,,0.351,0.0,0.8,-0.0032
J.P. Crawford,returning,0.722,0.687,10.5,8.0,-0.00234
Brock Rodden,new,,0.584,0.0,1.2,-0.00185
Connor Joe,new,,0.597,0.0,0.7,-0.00106
Buddy Kennedy,new,,0.382,0.0,0.2,-0.00065
Víctor Robles,returning,0.611,0.623,1.8,2.4,-0.0005
Ryan Bliss,returning,0.596,0.325,0.6,0.2,0.00023
Jhonny Pereda,new,,0.755,0.0,1.7,0.00024
Will Wilson,new,,1.133,0.0,0.1,0.00039
Harry Ford,departed,0.417,,0.1,0.0,0.00042
Lázaro Montes,new,,0.786,0.0,1.0,0.00044
Rhylan Thomas,departed,0.45,,0.2,0.0,0.00047
Cole Young,returning,0.607,0.694,4.1,10.5,0.00064
Samad Taylor,departed,0.25,,0.1,0.0,0.00071
Brendan Donovan,new,,0.78,0.0,2.6,0.00102
Mitch Garver,returning,0.639,0.596,4.7,2.4,0.00122
Michael Arroyo,new,,0.953,0.0,0.7,0.00143
Rowdy Tellez,departed,0.682,,3.0,0.0,0.00175
Miles Mastrobuoni,returning,0.62,0.434,2.8,0.5,0.0019
Eugenio Suárez,departed,0.682,,3.5,0.0,0.00209
Dominic Canzone,returning,0.84,0.82,4.3,8.8,0.00263
Donovan Solano,departed,0.639,,2.8,0.0,0.00289
Luke Raley,returning,0.631,0.723,3.5,4.7,0.00304
Dylan Moore,departed,0.622,,3.4,0.0,0.00408
Leody Taveras,departed,0.47,,1.6,0.0,0.00428
Ben Williamson,departed,0.604,,4.8,0.0,0.00651
Randy Arozarena,returning,0.76,0.865,11.4,11.0,0.01147
