Name,status,2025_BA,2026_BA,2025_share_pct,2026_share_pct,Contribution_Pts
Cal Raleigh,returning,0.247,0.182,11.4,8.7,-0.00573
J.P. Crawford,returning,0.265,0.221,10.5,8.0,-0.00405
Julio Rodríguez,returning,0.267,0.247,11.5,10.7,-0.00231
Leo Rivas,returning,0.244,0.153,1.8,2.4,-0.00221
Rob Refsnyder,new,,0.14,0.0,2.1,-0.00221
Colt Emerson,new,,0.19,0.0,4.0,-0.00215
Taylor Ward,new,,0.125,0.0,1.7,-0.00198
Jorge Polanco,departed,0.265,,8.5,0.0,-0.00175
Weston Wilson,new,,0.192,0.0,2.2,-0.00118
Patrick Wisdom,new,,0.106,0.0,0.8,-0.00114
Dominic Canzone,returning,0.3,0.264,4.3,8.8,-0.00069
Brock Rodden,new,,0.197,0.0,1.2,-0.00056
Connor Joe,new,,0.179,0.0,0.7,-0.00048
Miles Mastrobuoni,returning,0.25,0.192,2.8,0.5,-0.00042
Ben Williamson,departed,0.253,,4.8,0.0,-0.00041
Lázaro Montes,new,,0.212,0.0,1.0,-0.00031
Buddy Kennedy,new,,0.1,0.0,0.2,-0.00026
Donovan Solano,departed,0.252,,2.8,0.0,-0.00022
Josh Naylor,returning,0.299,0.261,3.4,10.7,-7e-05
Mitch Garver,returning,0.209,0.175,4.7,2.4,-4e-05
Will Wilson,new,,0.2,0.0,0.1,-4e-05
Ryan Bliss,returning,0.2,0.125,0.6,0.2,8e-05
Harry Ford,departed,0.167,,0.1,0.0,0.0001
Samad Taylor,departed,0.125,,0.1,0.0,0.00017
Rhylan Thomas,departed,0.125,,0.2,0.0,0.00019
Víctor Robles,returning,0.245,0.256,1.8,2.4,0.00027
Luke Raley,returning,0.202,0.225,3.5,4.7,0.00058
Brendan Donovan,new,,0.277,0.0,2.6,0.00085
Michael Arroyo,new,,0.371,0.0,0.7,0.00085
Jhonny Pereda,new,,0.3,0.0,1.7,0.00092
Rowdy Tellez,departed,0.208,,3.0,0.0,0.00108
Leody Taveras,departed,0.174,,1.6,0.0,0.00111
Cole Young,returning,0.211,0.246,4.1,10.5,0.00156
Dylan Moore,departed,0.193,,3.4,0.0,0.00176
Eugenio Suárez,departed,0.189,,3.5,0.0,0.00196
Randy Arozarena,returning,0.238,0.281,11.4,11.0,0.00476
