Name,status,2025_SLG,2026_SLG,2025_share_pct,2026_share_pct,Contribution_Pts
Cal Raleigh,returning,0.589,0.368,11.4,8.7,-0.02373
Josh Naylor,returning,0.49,0.35,3.4,10.7,-0.00987
Julio Rodríguez,returning,0.474,0.401,11.5,10.7,-0.00822
Jorge Polanco,departed,0.495,,8.5,0.0,-0.0063
Taylor Ward,new,,0.148,0.0,1.7,-0.00452
Leo Rivas,returning,0.333,0.194,1.8,2.4,-0.00394
Rob Refsnyder,new,,0.254,0.0,2.1,-0.00353
Colt Emerson,new,,0.335,0.0,4.0,-0.00338
Weston Wilson,new,,0.296,0.0,2.2,-0.0028
Patrick Wisdom,new,,0.191,0.0,0.8,-0.00188
Brock Rodden,new,,0.279,0.0,1.2,-0.00167
Víctor Robles,returning,0.33,0.308,1.8,2.4,-0.00109
Connor Joe,new,,0.308,0.0,0.7,-0.00083
Jhonny Pereda,new,,0.389,0.0,1.7,-0.00052
Rowdy Tellez,departed,0.434,,3.0,0.0,-0.00041
Buddy Kennedy,new,,0.2,0.0,0.2,-0.0004
Brendan Donovan,new,,0.409,0.0,2.6,-0.0003
Eugenio Suárez,departed,0.428,,3.5,0.0,-0.00027
J.P. Crawford,returning,0.37,0.352,10.5,8.0,-0.00018
Ryan Bliss,returning,0.314,0.125,0.6,0.2,0.00018
Rhylan Thomas,departed,0.25,,0.2,0.0,0.00027
Harry Ford,departed,0.167,,0.1,0.0,0.00033
Will Wilson,new,,0.8,0.0,0.1,0.00037
Samad Taylor,departed,0.125,,0.1,0.0,0.00043
Mitch Garver,returning,0.343,0.294,4.7,2.4,0.00053
Lázaro Montes,new,,0.481,0.0,1.0,0.00059
Michael Arroyo,new,,0.514,0.0,0.7,0.00063
Cole Young,returning,0.305,0.381,4.1,10.5,0.00065
Dylan Moore,departed,0.359,,3.4,0.0,0.00211
Donovan Solano,departed,0.344,,2.8,0.0,0.00217
Leody Taveras,departed,0.272,,1.6,0.0,0.00235
Miles Mastrobuoni,returning,0.296,0.192,2.8,0.5,0.00239
Dominic Canzone,returning,0.481,0.484,4.3,8.8,0.00294
Luke Raley,returning,0.311,0.439,3.5,4.7,0.00474
Ben Williamson,departed,0.31,,4.8,0.0,0.00525
Randy Arozarena,returning,0.426,0.484,11.4,11.0,0.00636
