Name,status,2025_Rtot,2026_Rtot,Contribution
Julio Rodríguez,returning,14.0,-1.0,-15.0
J.P. Crawford,returning,3.0,-8.0,-11.0
Josh Naylor,returning,3.0,-4.0,-7.0
Dominic Canzone,returning,1.0,-4.0,-5.0
Brock Rodden,new,,-5.0,-5.0
Luke Raley,returning,-1.0,-6.0,-5.0
Ben Williamson,departed,4.0,,-4.0
Colt Emerson,new,,-3.0,-3.0
Víctor Robles,returning,-1.0,-4.0,-3.0
Weston Wilson,new,,-3.0,-3.0
Rhylan Thomas,departed,2.0,,-2.0
Patrick Wisdom,new,,-2.0,-2.0
Michael Arroyo,new,,-1.0,-1.0
Will Wilson,new,,-1.0,-1.0
Samad Taylor,departed,1.0,,-1.0
Taylor Ward,new,,-1.0,-1.0
Rob Refsnyder,new,,-1.0,-1.0
Ryan Bliss,returning,0.0,0.0,0.0
Brendan Donovan,new,,0.0,0.0
Lázaro Montes,new,,0.0,0.0
Harry Ford,departed,0.0,,0.0
Buddy Kennedy,new,,1.0,1.0
Mitch Garver,returning,-4.0,-3.0,1.0
Jhonny Pereda,new,,1.0,1.0
Connor Joe,new,,1.0,1.0
Donovan Solano,departed,-1.0,,1.0
Jorge Polanco,departed,-2.0,,2.0
Dylan Moore,departed,-2.0,,2.0
Randy Arozarena,returning,-2.0,1.0,3.0
Miles Mastrobuoni,returning,-3.0,1.0,4.0
Rowdy Tellez,departed,-4.0,,4.0
Leo Rivas,returning,-3.0,1.0,4.0
Eugenio Suárez,departed,-4.0,,4.0
Leody Taveras,departed,-6.0,,6.0
Cal Raleigh,returning,-2.0,6.0,8.0
Cole Young,returning,-7.0,5.0,12.0
