Name,status,2025_WHIP,2026_WHIP,2025_share_pct,2026_share_pct,Contribution_Pts
George Kirby,returning,1.19,1.397,8.6,12.2,-0.02427
Bryan Woo,returning,0.927,1.104,12.8,12.2,-0.02333
Eduard Bazardo,returning,1.017,1.455,5.4,4.7,-0.02197
Jose A. Ferrer,new,,1.469,0.0,4.5,-0.01124
Gabe Speier,returning,0.871,1.087,4.3,3.2,-0.01055
Luis Castillo,returning,1.242,1.395,12.8,7.0,-0.00934
Andrés Muñoz,returning,1.027,1.221,4.3,4.0,-0.00826
Cole Wilcox,new,,1.63,0.0,1.9,-0.00778
Cooper Criswell,new,,1.402,0.0,2.8,-0.00515
Leo Rivas,returning,4.0,10.0,0.1,0.1,-0.00426
Josh Simpson,new,,2.045,0.0,0.5,-0.00412
Víctor Robles,new,,6.0,0.0,0.1,-0.00336
Domingo González,new,,1.826,0.0,0.5,-0.00307
Alex Hoppe,new,,1.357,0.0,2.0,-0.0027
Weston Wilson,new,,5.0,0.0,0.1,-0.00266
Luke Jackson,departed,0.882,,0.8,0.0,-0.00257
Nick Davila,new,,1.354,0.0,1.9,-0.00256
Michael Rucker,new,,1.282,0.0,3.0,-0.00189
José Suarez,new,,2.0,0.0,0.1,-0.0011
Hoby Milner,new,,1.421,0.0,0.4,-0.00086
Jhonathan Díaz,returning,0.75,1.5,0.1,0.1,-0.00057
Jhonny Pereda,new,,9.0,0.0,0.0,-0.00055
Kade Anderson,new,,1.234,0.0,2.5,-0.00035
Jackson Kowar,departed,1.235,,1.2,0.0,0.00018
Logan Gilbert,returning,1.031,1.086,9.0,13.1,0.00051
Juan Burgos,departed,1.35,,0.4,0.0,0.00055
José Castillo,departed,1.667,,0.2,0.0,0.00092
Miles Mastrobuoni,departed,3.0,,0.1,0.0,0.00122
Caleb Ferguson,departed,1.318,,1.5,0.0,0.00148
Blas Castaño,departed,2.0,,0.2,0.0,0.00161
Casey Lawrence,departed,1.4,,1.0,0.0,0.00186
Sauryn Lao,departed,2.1,,0.2,0.0,0.00187
Seranthony Domínguez,new,,1.099,0.0,1.6,0.00197
Trent Thornton,departed,1.299,,2.9,0.0,0.00229
Brandyn Garcia,departed,3.5,,0.1,0.0,0.00313
Jesse Hahn,departed,2.2,,0.3,0.0,0.00336
Zach Pop,departed,2.25,,0.3,0.0,0.00361
Collin Snider,departed,1.443,,1.8,0.0,0.004
Troy Taylor,returning,2.55,2.0,0.4,0.2,0.00401
Gregory Santos,departed,2.286,,0.5,0.0,0.00512
Matt Brash,returning,1.246,0.84,3.2,1.1,0.00517
Casey Legumina,returning,1.45,1.543,3.4,0.8,0.00523
Tayler Saucedo,departed,1.875,,0.9,0.0,0.00589
Carlos Vargas,returning,1.351,1.053,5.3,1.3,0.00916
Logan Evans,departed,1.389,,5.6,0.0,0.00942
Bryce Miller,returning,1.406,1.163,6.2,8.3,0.01623
Emerson Hancock,returning,1.378,1.139,6.2,9.7,0.01761
