Name,status,2025_OBP,2026_OBP,2025_share_pct,2026_share_pct,Contribution_Pts
Cal Raleigh,returning,0.359,0.296,11.4,8.7,-0.00651
Colt Emerson,new,,0.246,0.0,4.0,-0.00295
Leo Rivas,returning,0.387,0.267,1.8,2.4,-0.00249
Rob Refsnyder,new,,0.211,0.0,2.1,-0.00232
J.P. Crawford,returning,0.352,0.335,10.5,8.0,-0.00216
Julio Rodríguez,returning,0.324,0.307,11.5,10.7,-0.00185
Luke Raley,returning,0.319,0.284,3.5,4.7,-0.00167
Taylor Ward,new,,0.238,0.0,1.7,-0.00137
Patrick Wisdom,new,,0.16,0.0,0.8,-0.00132
Weston Wilson,new,,0.263,0.0,2.2,-0.00129
Josh Naylor,returning,0.341,0.317,3.4,10.7,-0.00106
Miles Mastrobuoni,returning,0.324,0.241,2.8,0.5,-0.00049
Jorge Polanco,departed,0.326,,8.5,0.0,-0.00047
Dominic Canzone,returning,0.358,0.336,4.3,8.8,-0.00027
Buddy Kennedy,new,,0.182,0.0,0.2,-0.00025
Connor Joe,new,,0.289,0.0,0.7,-0.00023
Brock Rodden,new,,0.306,0.0,1.2,-0.00017
Lázaro Montes,new,,0.305,0.0,1.0,-0.00015
Cole Young,returning,0.302,0.312,4.1,10.5,-0.00012
Will Wilson,new,,0.333,0.0,0.1,1e-05
Ryan Bliss,returning,0.282,0.2,0.6,0.2,4e-05
Harry Ford,departed,0.25,,0.1,0.0,9e-05
Rhylan Thomas,departed,0.2,,0.2,0.0,0.00019
Samad Taylor,departed,0.125,,0.1,0.0,0.00028
Víctor Robles,returning,0.281,0.315,1.8,2.4,0.00059
Mitch Garver,returning,0.297,0.302,4.7,2.4,0.00064
Donovan Solano,departed,0.295,,2.8,0.0,0.00072
Jhonny Pereda,new,,0.366,0.0,1.7,0.00076
Michael Arroyo,new,,0.439,0.0,0.7,0.0008
Ben Williamson,departed,0.294,,4.8,0.0,0.00126
Brendan Donovan,new,,0.371,0.0,2.6,0.00132
Leody Taveras,departed,0.198,,1.6,0.0,0.00193
Dylan Moore,departed,0.263,,3.4,0.0,0.00197
Rowdy Tellez,departed,0.249,,3.0,0.0,0.00213
Eugenio Suárez,departed,0.255,,3.5,0.0,0.00232
Randy Arozarena,returning,0.334,0.381,11.4,11.0,0.00511
